"press","date","title","summary","pressUrl","naverUrl","journalist","createdDate","updatedDate","body","category","commentCount","comments"
"매일경제","2022-11-28","LG CNS, AI 활용 맞춤형 영어회화 학습","과기정통부 장관賞 디지털전환(DX) 전문기업 LG CNS는 최근 맞춤형 인공지능(AI) 튜터 서비스 '스피킹클래스'에 71권 분량의 초·중·고교 영어 교과서 콘텐츠를 탑재했다. 앱 하나로 영어 교과서에 있는 수만 개의 영어 문장을 AI와 함께 학습할 수 있게 된 것. 스피킹클래스는 LG CNS가 개발한 AI 영어회화...","https://www.mk.co.kr/article/10547802","https://n.news.naver.com/mnews/article/009/0005051974?sid=105","황순민 기자","2022-11-28 16:06:26","2022-11-28 16:06:26","과기정통부 장관賞 김영섭 대표 디지털전환(DX) 전문기업 LG CNS는 최근 맞춤형 인공지능(AI) 튜터 서비스 '스피킹클래스'에 71권 분량의 초·중·고교 영어 교과서 콘텐츠를 탑재했다. 앱 하나로 영어 교과서에 있는 수만 개의 영어 문장을 AI와 함께 학습할 수 있게 된 것. 스피킹클래스는 LG CNS가 개발한 AI 영어회화 학습 앱이다. 스마트폰을 통해 언제, 어디서든 AI와 영어 공부를 할 수 있다. 스피킹클래스는 AI 기술을 활용해 학습 효율을 극대화한다. AI가 학생의 발음, 발화 속도, 정답 유사도 등을 분석해 학습 수준을 5단계 척도로 측정한다. LG CNS는 교사용 스피킹클래스 제작 사이트를 지원한다. 교사가 영어 대화문을 입력하면, AI가 자동으로 영어 학습 콘텐츠로 가공해 스피킹클래스 앱에 반영한다. LG CNS는 AI튜터 앱 서비스로 한국영어교육학회(KATE)의 영어 교육 인증도 획득했다. AI 기반 영어교육 프로그램이 KATE 인증을 받은 건 LG CNS AI튜터가 국내 최초 사례다. LG CNS는 전국 12개 시도교육청에 스피킹클래스를 무상 제공하며, AI 맞춤 학습으로 교육 격차 해소에 기여하고 있다.","IT",0,"[]"
"서울경제","2022-11-28","도성훈 인천교육감 “교육에 보수·진보 어디 있나…기술 패권 시대 인문학·디지털 융합 강화”","-교원 등에 대한 디지털 교육도 중요한데. △AI 석사과정을 밟은 교사들에게는 학비의 절반을 지원한다. 우선 140여 명 규모로 인하대·경인교대... 초등과 중등 교과서가 각각 2024년과 2025년에 바뀌고 2025년에는 고교학점제도 본격 시행되는데 미래 역량 강화에 초점을 맞춰야 한다. -‘글로컬라이제이션...","https://www.sedaily.com/NewsView/26DSWY6DUO","https://n.news.naver.com/mnews/article/011/0004127512?sid=105","고광본 기자","2022-11-28 18:05:04","2022-11-28 18:07:02","◆도성훈 인천광역시 교육감 양극단 득세하면 현기증···보수·진보 공통분모 만들어야 싱가포르·독일 참고해 학생 진로 등 미래교육 강화 초점 지역 역사·문화 기반 세계화 역량과 시민의식 제고 필요 인간·AI 공존시대, 디지털·과학기술 역량 대폭 확충해야 도성훈 인천광역시교육감이 25일 싱가포르 마리나베이샌즈 엑스포&컨벤션에서 가진 서울경제와의 인터뷰에서 국가와 학생의 미래를 준비하기 위한 교육을 강조하고 있다. 싱가포르=고광본 선임기자 고광본 선임기자 [서울경제] “정치는 말할 것도 없고 교육 등 각 분야에서 양극단이 전면에 나서면 현기증이 날 정도죠. 교육의 경우 학생의 미래 역량 강화 등 보수와 진보 간 공통분모를 만들어야 합니다.” 도성훈(62) 인천광역시교육감은 25일 싱가포르 마리나베이샌즈 엑스포&컨벤션에서 진행된 서울경제와의 인터뷰에서 “초선 교육감 시절인 지난 4년 동안 코로나19 대응과 미래 교육 기반 구축에 힘을 모았는데 앞으로 4년은 학생 진로 등 미래 교육을 본격적으로 펼치겠다”며 이같이 밝혔다. 도 교육감은 한국과학기술단체총연합회 등이 주최한 ‘한·아시아 과학기술 학술대회(AKC 2022)’ 참석차 싱가포르를 찾았다. 그는 인천의 역사·문화 교육을 토대로 글로벌화를 추진하면서 학생의 진로 준비, 과학기술과 디지털 역량 강화에 적극 나서겠다는 의지를 피력했다. 인문학을 바탕으로 디지털·과학기술 교육이 이뤄지도록 해야 한다는 것이 그의 교육철학이다. 도 교육감은 “진보 출신 교육감이지만 오히려 보수 같다는 얘기를 하는 이도 있다”며 “학생과 대한민국의 미래를 준비하는 일에 다 같이 나서야지 보수와 진보를 편 가르기 하는 게 과연 맞느냐”고 반문했다. -이번에 AKC 2022에는 어떻게 참여하게 됐나. △우리 학생들의 글로벌 진로 기회를 넓히기 위해서다. 교육 현장에서도 경쟁이 치열하기로 소문난 싱가포르를 방문한 이유다. 난양공대의 산학 협력 현장도 찾았다. 난양공대의 람킨용 부총장을 만나 학생들의 국제 진로 과정 이수 후 인천교육감 추천 난양공대 입학이나 롤스로이스연구소 인턴십 과정 참여 방안 등을 논의했다. 이곳에 기반을 둔 글로벌 디지털 연구소인 DQ연구소와도 학생의 디지털 역량 및 시민 의식 제고 방안을 협의했다. 그동안에도 송도의 뉴욕주립대나 조지메이슨대 등과 세계시민 교육을 해왔다. 인간과 인공지능(AI)이 공존하는 시대에 맞춰 글로벌·디지털 안목을 키울 수 있는 교육을 해야 한다. 교육의 패러다임을 전환해야 할 때다. -맞다. 학생들이 글로벌 시각으로 진로 선택을 할 수 있게 도와줘야 한다. △올 3월에 학생들이 꿈을 디자인하는 데 도움이 되도록 사이버진로교육원을 만들었다. 진로 적성검사, 체험 활동 정보, 이력 관리를 원스톱으로 할 수 있게 했다. 사회인과 대학생 등 멘토 1100여 명에게서 재능 기부를 받아 상담 서비스를 하는데 1만 명 선까지 늘릴 것이다. 학생미래슈퍼비전센터(가칭)도 인천 5개 권역에 만들 계획이다. 학생들의 대학 진학률이 70%를 넘는 상황에서 학생들이 대학을 넘어 세계를 보게 하는 것이 중요하다. 이미 정보기술(IT) 기업이나 공기업 등에서는 학벌 중심에서 벗어나 수시·블라인드 등 역량 중심 채용으로 바뀌지 않았나. 그런데 학교는 옛날의 틀에서 벗어나지 못하고 있어 답답하다. 무엇보다 특성화고 등 30%의 학생들과 일부 인문계 학생들에게도 미래 직업교육을 제대로 시켜야 한다. -독일처럼 직업교육을 잘 시키는 것이 사교육 만연 등 교육 시장 왜곡을 막는 길이라고 하는데. △2019년에 130년 역사의 독일 건축학교 등 선진 직업교육 현장을 탐방했다. 3000여 명이 다니는 건축학교에서 기업이 위탁 교육을 통해 실험실 기자재를 제공하고 상공회의소가 시험 출제와 감독 등 행정 업무를 해주는데 아주 인상적이더라. 독일은 학비가 거의 무료인데도 고교 졸업생의 30%가량만 대학에 진학하고 대부분 직업교육을 받는다. 이번에 난양폴리텍과 난양공대-롤스로이스연구소, 싱가포르항공의 정비 자회사도 방문해 산학연정(産學硏政)이 실용적으로 철저히 협업하는 것도 봤다. -우리는 직업교육 등 진로 교육이 체계적이지 못하지 않나. △학교·교육청, 지방자치단체, 기업, 대학이 따로 움직이고 있는데 앞으로는 협업해야 한다. 현재 교육부와 항공정비(MRO), 바이오, 뷰티, 소방 등 특성화고 중심으로 기업이나 대학의 도움을 받아 직업교육을 할 수 있는 ‘아이잡애드클러스터’ 과정을 협의 중이다. 물론 희망하는 일반고 학생도 포함된다. -코로나19 팬데믹을 계기로 학생들의 사이버 역량 강화·안전 고취가 중요한 과제로 떠올랐는데. △감염병 대처, 등하교·급식 안전, 학교 폭력 근절 등 오프라인뿐 아니라 디지털 성폭력·괴롭힘 등 사이버 안전도 무척 신경 써야 한다. 박유현 DQ연구소 대표를 만나 디지털 역량 제고 및 시민 교육, 사이버 안전에 관해 논의한 것도 이 때문이다. 인천교육청은 이미 과학대전 등 여러 행사를 메타버스 등 온라인을 통해 진행했다. 사이버진로교육원도 메타버스 방식으로 업그레이드 중이다. 지난해 6월 인천을 디지털 교육 도시로 선포했다. 팬데믹 기간 인천교육청이 코로나19 방역의 새 기준을 세웠다는 평도 들었는데 미래 교육 기반을 만든 셈이다. 관내 초중고생이 35만여 명인데 앞으로 모두에게 노트북을 지원할 것이다. -교원 등에 대한 디지털 교육도 중요한데. △AI 석사과정을 밟은 교사들에게는 학비의 절반을 지원한다. 우선 140여 명 규모로 인하대·경인교대·이화여대 등 5개 대학에 교육을 의뢰하고 다양한 연수 프로그램을 준비하고 있다. 학생들에게 철학 등 인문학을 바탕으로 디지털 시민 의식을 길러줘야 한다. 그래야 온·오프라인의 폭력과 갈등, 위해 요소를 줄이고 사람과 사람, 사람과 자연이 공존할 수 있다. -기술 패권 경쟁 시대를 맞아 인문학과 과학기술의 융합이 매우 중요해졌다. △그렇다. 10년쯤 뒤에는 키보드 없이 음성과 몸짓으로 소프트웨어(SW)를 움직이는 시대가 온다. AI가 할 수 없는, 오직 인간만이 할 수 있는 것이 인문학이다. 인문학적 감수성으로 AI와 상생하면서 가치를 실현하는 인재를 양성할 필요가 있다. -코로나19 팬데믹 와중에 기초학력 하향이나 학력 양극화를 해소하는 것도 주요 과제로 부상했는데. △그 부분에 신경을 많이 쓰고 있다. 다행히 인천에서 서울대 등의 대학으로 진학하는 비율이 늘면서 초중고생도 같이 증가하고 있다. 인천과학예술영재학교도 입학 정원이 80명인데 55명가량이 인천 출신이다. 인천이 부산보다 인구가 35만 명가량 적은데도 초중고생만 보면 올해 6300명가량 더 많다. 2019년부터 역전 현상이 일어났다. -학생들의 사회성 회복에도 신경을 써야 할 텐데. △체육 활동이 중요하다고 보고 앞으로 1일 1스포츠나 스포츠클럽 활동에 비중을 둘 것이다. 현재 학생들을 대상으로 19개 스포츠클럽 대회가 열리고 있다. 또 모든 학생이 참여할 수 있게 걷기를 강조할 것이다. -학생 모두가 혜택을 보도록 하는 것이 중요하다. 특히 지금과 같은 주입식 교육에서 벗어나 창의적 교육이 필요한데. △정말 중요한 지적이다. 정책이 수요자에게 골고루 스며들도록 노력하겠다. 지난해 유엔무역개발회의(UNCTAD)에서 선진국으로 공인받았는데 5지선다형 시험 방식으로 창의력이 얼마나 길러지겠는가. 지난해 비전문가 중심으로 수능 확대가 결정됐는데 시행이 1년밖에 남지 않았다. 현행 입시 구조에서는 창의력과 모험심을 키워주는 교육에 일정 부분 한계가 있을 수밖에 없다. 사실 이 부분이 제일 큰 문제다. 수능은 양동이에 지식을 채웠다가 꺼내는 방식이어서 초중고 교육을 왜곡시킨다고 볼 수 있다. 2024년에 2028년 대학 입학 기준이 마련되는데 인구 절벽 시대의 미래 교육을 반영해야 한다. 초등과 중등 교과서가 각각 2024년과 2025년에 바뀌고 2025년에는 고교학점제도 본격 시행되는데 미래 역량 강화에 초점을 맞춰야 한다. -‘글로컬라이제이션(Globalization과 Localization을 합성한 신조어)’ 기반의 리더십 교육도 매우 중요한 과제인데. △맞다. K가 붙으면 세계적으로 조명받는데 인천과 대한민국의 역사·문화를 기반으로 글로벌 인재를 키워야 한다. 인천바로알기사업의 일환으로 인천에서 초중고를 다니면 백령도·대청도 등 168개 섬 중 최소 하나를 포함한 답사 코스를 10개 이상 다니고 졸업할 수 있게 할 방침이다. 이를 위해 강화에듀투어·섬에듀투어·에코에듀투어 등 60개 이상의 답사 코스를 만들고 관련 책도 발간했다. 올해 6월 북한이 바로 보이는 교동도의 한 폐교를 활용해 난정평화교육원도 세웠다. 영종도에는 지난해 동아시아국제교육원을 설립했다. 폐선박을 빌려 대안학교를 운영하기 위한 용역도 발주했다. 특히 초중고에서도 창업 기반 확충을 위해 글로벌스타트업학교도 만들고 있다. ◆He is… 1960년 충남 천안에서 태어나 인천 부평고, 중앙대 국어국문학과를 졸업했다. 1985년 인천성헌고(현 인제고)에서 교사를 시작해 1989년 전국교직원노동조합 인천지부 결성을 주도했다가 해직됐다. 1994년 복직해 관교중과 인천여자공고(현 인천뷰티예술고) 교사를 했다. 2016년 인천형 혁신학교인 동암중 교장을 지냈다. 2018년 인천광역시교육감으로 당선돼 ‘삶의 힘이 자라는 인천 교육’을 표방한 데 이어 올해 재선돼 ‘학생 성공 시대를 여는 인천 교육’을 목표로 제시했다.","IT",1,"[{""nick"":""jwp0****"",""date"":""2022-11-28 23:06"",""content"":""유치원이나늘려라 인천서구 신도시 대기 200번이다 ㅡㅡ"",""recomm"":""0"",""unrecomm"":""0""}]"
"연합뉴스","2022-11-14","[충북소식] 도교육청, LG CNS와 AI 기반 외국어교육 협약","충북도교육청은 14일 LG CNS와 인공지능(AI) 기반 외국어교육 서비스 업무협약을 맺었다. LG CNS는 오프라인 시장에 집중된 전통적인 산업구조를 디지털... 앱인 스피킹 클래스 서비스를 무상 제공하게 된다. 교사는 스피킹 클래스에 탑재된 7개 출판사의 교과서 콘텐츠를 수업과 평가에 활용할 수 있다.","https://www.yna.co.kr/view/AKR20221114125100064?input=1195m","https://n.news.naver.com/mnews/article/001/0013574782?sid=102","윤우용 기자","2022-11-14 17:01:13","2022-11-14 17:01:13","(청주=연합뉴스) 충북도교육청은 14일 LG CNS와 인공지능(AI) 기반 외국어교육 서비스 업무협약을 맺었다. LG CNS는 오프라인 시장에 집중된 전통적인 산업구조를 디지털화하는 전문기업이다. 충북교육청-LG CNS 업무협약 [충북교육청 제공. 재판매 및 DB 금지] 이 협약에 따라 도교육청은 학습 모델을 발굴하고 LG CNS는 스마트폰을 통해 영어를 공부하는 앱인 스피킹 클래스 서비스를 무상 제공하게 된다. 교사는 스피킹 클래스에 탑재된 7개 출판사의 교과서 콘텐츠를 수업과 평가에 활용할 수 있다.","사회",0,"[]"
"전자신문","2022-11-17","[ET시론]미래 교육의 초석, 디지털 교과서","교육부가 발표한 디지털 인재양성 종합방안을 살펴보면 디지털 교육체제로의 대전환 방안으로 'AI, 에듀테크를 활용한 교육 혁명'과 '디지털혁신 지원 교육환경 구축'을 제시하고 있다. 디지털 교과서 개발 보급 사업을 확대하고 디지털 교수학습 통합 플랫폼을 구축한다는 내용이 담겨 있다. 그런데 기존에...","https://www.etnews.com/20221117000180","https://n.news.naver.com/mnews/article/030/0003060085?sid=102","","2022-11-17 16:02:03","2022-11-17 17:07:01","15년 전부터 준비 했지만 현장 활용도 여전히 낮아 교육부 거버넌스 개편하고 법·기술 종합 정책 필요 설치방식 등 편의성 강화·교사-학생 상호작용 필수 콘텐츠 수업허브 도약...세계 주목 '에듀테크' 실현을 구덕회 서울교육대학교 교수 코로나19와 동반 생활한 삶이 3년여가 됐다. 코로나19로 인한 교육 분야의 큰 변화는 바로 디지털전환이라 할 수 있다. 학교 수업에서도 디지털 활용은 보편화됐다. 시대 흐름에 따라 교육부는 디지털 시대에 적합한 교육환경 조성 방안을 꾸준히 발표하고 있다. 그 가운데 디지털 교과서와 관련해서는 약 15년 전부터 추진 방안을 발표했다. 오랫동안 디지털 교과서 적용을 발표해 왔다. 그런데 왜 학교 현장에서는 디지털 교과서 활용이 미진한 것일까. 그동안 어떤 일이 생긴 것일까. 교육부에서 발표한 디지털 교과서 추진 경과를 살펴보면 2008~2013년 교과별 시범 콘텐츠 개발, 2014~2017년 디지털 교과서 시범 적용, 2018년부터 일반 학교에 확대 적용 등을 한다는 것이었다. 이상 경과대로 추진하였다면 코로나19 시기에는 이미 학교 현장에서 잘 사용했어야 했다. 교육부가 발표한 디지털 인재양성 종합방안을 살펴보면 디지털 교육체제로의 대전환 방안으로 'AI, 에듀테크를 활용한 교육 혁명'과 '디지털혁신 지원 교육환경 구축'을 제시하고 있다. 디지털 교과서 개발 보급 사업을 확대하고 디지털 교수학습 통합 플랫폼을 구축한다는 내용이 담겨 있다. 그런데 기존에 개발한 디지털 교과서와 플랫폼은 잘 활용하였는지 점검부터 해야 할 것 같다. 만드는 것이 중요할까 잘 사용하는 것이 중요할까. 그동안 만든 디지털 교과서와 플랫폼을 학교 현장에서는 어느 정도 사용하고 있을까. 지금이라도 전문가·교사·학생·학부모부터 경청하고 반영해야 한다. 이를 통해 교사와 학생, 바로 수요자가 원하는 디지털 교과서 콘텐츠와 플랫폼이 만들어져야 한다. 학교 현장에서 디지털 교과서 사용을 확산하기 위해서는 어떤 점을 고려하여야 할까. 디지털 교과서 분야 전문가와 학교 현장 교사를 인터뷰해 보았다. 전문가 의견을 정리해 보면 다음과 같다. 첫째 디지털 교과서 개발 사업을 주도하는 교육부 거버넌스에 문제가 있다. 사업은 정보 관련 부서가 아니라 업무 담당 부서, 즉 교과서 담당 부서에서 책임지고 수행해야 한다. 교과서 담당 부서가 에듀테크를 인식하고 추진해야 효과적이다. 정보 관련 부서는 산파 역할이지 산모 역할을 하는 것은 바람직하지 않다. 정보 부서가 만들어서 보급하는 것 그 자체가 일선 학교 현장에서는 잘 활용하지 않게 되는 원인으로 작용한다. 교과서 담당 부서가 책임지고 디지털 교과서를 개발하도록 업무 주도권을 조정해야 한다. 둘째 사업 추진을 위해 깐깐한 전문가 그룹을 꾸려야 한다. 보편화한 집단지성이 아니라 냉철한 전문성이 필요한 일이다. 두루뭉술한 전문가 그룹을 구성해서 사업을 적당히 진행하는 방식은 애초에 차단해야 한다. 사업 추진 일정을 짧게 잡고 그저 시간에 맞추어서 완료하는 방법으로는 불완전한 콘텐츠와 플랫폼이 탄생하고, 두루뭉술한 전문가 그룹을 통해 사업을 적당히 완료하는 방식은 반드시 바로잡아야 한다. 제대로 구성한 전문가 그룹으로 깐깐하게 사업을 관리해야 한다. 셋째 디지털 교과서 구현 및 활용을 종합적으로 고려해야 한다. 초·중등 교육 상황, 컴퓨터 기술, 네트워크 처리, 첨단 가상현실, 법 제도 등과 나아가 인공지능 기술이 폭넓게 얽혀 있기 때문이다. 적절한 속도의 네트워크, 보급한 태블릿 정보기기의 특성, 사용자 기반 경험과 인터페이스, 적정 기술 구현, 저작권법 등 여러 요소와 조화를 이루며 구현돼야 한다. 종합적으로 고려하되 무엇이 중요한지 우선순위를 반영해야 한다. 잘 사용하지 않게 되는 원인의 하나는 바로 종합적 고려가 부족한 것이 아니었을까. 디지털 인재양성 종합방안. 출처: 교육부 보도자료(2020.8.22.) 다음은 디지털 교과서를 직접 사용하는 학교 현장의 교사 의견이다. 첫째 디지털 교과서 사용에 시간적 효율이 반영되어야 한다. 각 과목의 디지털 교과서를 내려받아 설치하는 방식은 수업 시간을 매우 낭비하는 문제로 이어진다. 정보기기 용량 부족 문제로 어느 교과를 설치했다가 삭제하고 다른 교과를 설치해야 하는 문제는 디지털 교과서를 사용하지 않게 하는 또 하나의 원인이다. 디지털 교과서는 실시간 접속해서 사용할 수 있어야 한다. 서비스형소프트웨어(SaaS) 방식을 제안한다. 둘째 디지털 교과서는 쉽게 사용할 수 있어야 한다. 디지털 교과서를 사용하기 위해 로그인부터 하는 것보다 로그인은 필요한 경우에 하게 해야 한다. 예를 들면 유튜브를 사용할 때도 로그인 없이 쓸 때와 로그인을 해야 할 때가 있는 것처럼 교과서 콘텐츠를 사용할 때 로그인부터 요구하는 것은 사용을 불편하게 한다. 로그인 방법도 교육용으로 쉽게 할 수 있어야 한다. 초등학생도 사용하기 쉽도록 어렵지 않은 로그인 방식을 도입하자. 셋째 디지털 교과서를 사용해서 교사와 학생이 상호 작용할 수 있어야 한다. 동영상과 교과서 화면을 보여 주는 정도는 기존 수업에서도 가능한 일이다. 서책형 PDF 파일을 나누어 주는 것만으로 디지털 교과서라고 칭하는 것은 웃기지만 슬픈 현실이다. 디지털 교과서는 학생 개개인이 주도적으로 학습할 수 있으면서 수업에서 교사와 함께 사용할 수 있어야 한다. 교사가 디지털 교과서로 과제를 제시하면 학생은 과제를 수행한 후 그 결과를 수업 시간 발표로 이어질 수 있어야 한다. 디지털 교과서 플랫폼이 교사와 학생의 수업 상호작용을 위해 사용돼야 한다. 넷째 교수·학습 유틸리티를 편리하게 쓸 수 있어야 한다. 교사와 학생 활동에 필요한 상호작용 유틸리티를 충분히 제공하고 이를 활용해서 교수학습을 진행해야 한다. 예를 들어 선생님의 수업 도구, 학생의 발표 도구, 발표자 선정 도구, 숫자 세는 알람, 학습자 그룹 작성, 화이트보드 기능, 펜 쓰기 및 스티커 기능 등 필요한 유틸리티가 적지 않다. 종래의 디지털 교과서에도 들어 있는데 이를 더욱 다양하면서도 쉽게 쓸 수 있도록 해야 한다. 디지털 교과서의 유틸리티 예시. 출처 : 2022 디지털 교과서와 함께하는 우리 학교, 에듀넷 티-클리어, 기타자료 PM 2022-01 최근 학교 현장은 디지털 활용 환경이 어느 때보다 빠르게 구축되고 있다. 교실 안에서 쓸 수 있는 빠른 속도의 와이파이가 설치되고, 디지털 태블릿 역시 1인 1대씩 보급되고 있다. 전국 각 학교 상황에 따라 보급에 차이는 있지만 학교 교실에서 사용할 수 있는 네트워크와 정보기기가 갖춰져서 디지털 수업을 하기에 훨씬 쉬워졌다는 것이다. 따라서 이를 활용한 수업사례도 적지 않게 나타나고 있다. 경주국립박물관 가상현실(VR) 체험관을 이용해 박물관 견학하기, 반크에서 제공하는 실감형 증강현실(AR)로 독도 관찰하기, 구글에서 제공하는 아트앤드컬처로 3D 활동하기 등이 있다. 태블릿을 활용하면 교실을 넘어 다른 세계에 어렵지 않게 다녀올 수 있다. 현실에서는 수업하기 곤란한 과학 실험, 사회 현상 시뮬레이션, 안전 교육 등을 할 수 있다. 태블릿 하나로 학교 수업이 효과적이고 다채로워진다. 태블릿 기반 수업을 효과적이고 흥미롭게 하는 것의 중심에 디지털 교과서가 있어야 한다. 디지털 교과서가 바로 학교 현장에서 콘텐츠 기반 수업 허브여야 한다. 학교 현장에 네트워크와 태블릿 보급이 이뤄지는 지금 이 시점이 바로 디지털 교과서를 확대 적용할 시점이 아닐까 싶다. 디지털 대전환 시대에 미래 교육의 초석으로 디지털 교과서를 안착시키는 것은 어떨까. 디지털 교과서를 중심으로 학교 교육에서의 에듀테크 실현을 도모해 보자. 전 세계에서 주목하는 선진 한국 교육 사례로 디지털 교과서가 거론되도록 노력해 보자. 교사·학생 모두에게 효율 높은 교육이 디지털 교과서를 통해 이루어질 수 있기를 바란다. 구덕회 서울교대 컴퓨터교육과 교수 dhk@snue.ac.kr <필자> 구덕회 교수는 서울시 초등교사, 한국전자통신연구원(ETRI) 위촉연구원, 한국교육학술정보원(KERIS) 선임연구원, 대구교대 컴퓨터교육과 교수를 역임하고 현재 서울교대 컴퓨터교육과 정교수로 있다. 정보·컴퓨터교육, 데이터과학·인공지능교육, 소프트웨어·인공지능교육을 연구하고 있다. 사회적 약자에게 찾아가는 교육 기부, 초·중등학생 컴퓨팅 교육, 교사 연수, 석·박사과정 대상 강의 등을 하고 있다.","사회",0,"[]"
"한국경제","2022-11-08","한국과학창의재단, 美 코드닷오알지와 디지털 인재 양성 업무협약","지원, AI·SW 교육 자료 공유 및 개발, 교사 재교육 등을 함께 추진할 예정이다. 과학창의재단은 과학문화 확산, SW 인재 개발을 지원하는 과기정통부 직할 공공기관이다. 중고교 수학·과학·정보 교과서 콘텐츠 개발도 맡고 있다. 조율래 과학창의재단 이사장은 ""한국과 미국, 영국의 디지털 인재 양성기관이...","https://www.hankyung.com/it/article/202211084541i","https://n.news.naver.com/mnews/article/015/0004772232?sid=105","이해성 기자","2022-11-08 15:23:01","2022-11-08 15:23:01","조율래 과학창의재단 이사장(가운데)이 하디 파토비 코드닷오알지 CEO(왼쪽), 가레스 스톡데일 마이크로비트교육재단 CEO와 업무협약을 맺고 기념촬영하고 있다. 창의재단 제공 한국과학창의재단이 미국 최대 소프트웨어(SW) 교육단체와 디지털 대전환 시대를 이끌어 갈 인재 양성에 나선다. 과학창의재단은 미 코드닷오알지, 영국 마이크로비트교육재단과 글로벌 디지털 인재 양성을 위한 업무협약을 맺었다고 8일 밝혔다. 코드닷오알지는 2013년 설립된 미국 최대 SW 교육 비영리단체로 아워오브코드 등 글로벌 SW 교육 콘텐츠 확산 캠페인을 벌이고 있다. 올해는 빌 게이츠 마이크로소프트 창업자, 제프 베조스 아마존 회장, 팀 쿡 애플 CEO 등 미국을 대표하는 주요 인사 800여 명과 함께 미국 각 주정부에 컴퓨터·과학 수업 확대 촉구 캠페인을 했다. 마이크로비트교육재단은 세계 65개국에서 초소형컴퓨터를 활용한 소프트웨어 교육 및 인공지능(AI) 교육 콘텐츠를 개발하고 있다. 세 기관은 SW·AI 교육 확산 캠페인 및 컨퍼런스 지원, AI·SW 교육 자료 공유 및 개발, 교사 재교육 등을 함께 추진할 예정이다. 과학창의재단은 과학문화 확산, SW 인재 개발을 지원하는 과기정통부 직할 공공기관이다. 중고교 수학·과학·정보 교과서 콘텐츠 개발도 맡고 있다. 조율래 과학창의재단 이사장은 ""한국과 미국, 영국의 디지털 인재 양성기관이 함께 업무협약을 체결해 뜻깊게 생각한다""며 ""디지털 대전환 시대를 살아가는 청소년들과 국민을 위해 다양한 사업을 추진할 계획""이라고 말했다. 이해성 기자","IT",0,"[]"
"YTN","2022-11-09","2025년부터 초중고 코딩·AI 교육 의무화...'자유민주주의' 포함","논란이 됐던 역사교과서 문제는 자유민주주의 표현을 강화하는 쪽으로 결론 났습니다. 김현아 기자가 보도합니다. [기자] 2015년 이후 7년 만에 개정된... 코딩과 인공지능 교과를 확충하고 다른 교과 학습에도 관련 기술을 활용하는 등 디지털 교육을 강화할 전망입니다. 수학 과목엔 2009년 개정 때 제외됐던...","https://www.ytn.co.kr/_ln/0103_202211091701143608","https://n.news.naver.com/mnews/article/052/0001811577?sid=102","김현아 기자","2022-11-09 17:01:14","2022-11-09 17:07:02","2025년부터 정보교육 의무화…코딩·AI교육 강화 수학에서 '행렬' 부활…""디지털 교육 기본 개념"" 초등학교 국어 34시간↑·고교 과학 선택 세분화 국악 성취기준 유지·밀집지역 안전교육 강화 [앵커] 2025년부터 새롭게 적용되는 초중고 개정 교육과정이 사실상 확정됐습니다. 코딩 등 정보교육 시간이 의무적으로 확대되고, 수학 교과엔 행렬이 다시 편성됐습니다. 논란이 됐던 역사교과서 문제는 자유민주주의 표현을 강화하는 쪽으로 결론 났습니다. 김현아 기자가 보도합니다. [기자] 2015년 이후 7년 만에 개정된 교과과정에서 가장 눈에 띄는 건 정보교육 강화입니다. '필요에 따라 편성할 수 있다'를 '초등학교 34시간 중학교 68시간 이상 편성한다'로 바꿔서 수업 시간을 확대했습니다. 코딩과 인공지능 교과를 확충하고 다른 교과 학습에도 관련 기술을 활용하는 등 디지털 교육을 강화할 전망입니다. 수학 과목엔 2009년 개정 때 제외됐던 행렬이 다시 포함됐습니다. 디지털 교육을 강화하려면 기본 개념을 익혀야 한다는 지적 때문입니다. 또, 문해력 강화를 위해 초등학교 국어는 34시간 늘고, 과학 선택과목은 세분화했습니다. [장상윤 / 교육부 차관 : 디지털 대전환, 기후변화, 학령인구 감소 등 교육환경의 급격한 변화 속에서 창의력과 문제해결력을 갖춘 미래형 인재로 성장할 수 있도록] 논란이 됐던 역사, 성, 생태, 노동교육 관련 용어들은 대체로 보수적 의견을 많이 반영했습니다. 교육부는 다만 자유민주주의와 자유경제는 헌법 가치를 반영한 것이고, 근로자는 근로기준법상 용어로 통일한 것이며 성 소수자는 성별 외에도 연령과 인종, 국적 등 사회적 소수자를 포괄적으로 살필 수 있게 한 것이라고 설명했습니다. [장상윤 / 교육부 차관 : (자유와 민주주의가) 대립적인 가치나 둘 중에 하나를 선택해야 한다고 생각하지 않습니다. 자유민주주의라는 것은 우리 헌법이 가지는 국가의 정체성하고 관련된 기본 가치를 표현할 때 자유민주주의라는 표현을 하고 있고요.] 국악 홀대 논란을 불렀던 음악에선 현행 교육과정과 연계해 국악 성취기준이 부활했고 이태원 참사와 관련해 안전교육 운영 강화 근거 조항을 신설하고 밀집지역 안전교육도 체험 위주로 대폭 강화됐습니다. YTN 김현아입니다. ※ '당신의 제보가 뉴스가 됩니다' [카카오톡] YTN 검색해 채널 추가 [전화] 02-398-8585 [메일] social@ytn.co.kr","사회",1,"[{""nick"":""sofe****"",""date"":""2022-11-10 11:22"",""content"":""자유 운운하는 것들이 검사시절 차고다니던 칼못버리고 아무데나 휘두르고다니고. 지들이 하던거 다 남한테 뒤집어씌우고. 지들 칼자루의 자유는 중요하고 남의 자유는 범죄행위고 ㅎㅎ 그저 충살로 인한 급사를 바랍니다.^^"",""recomm"":""0"",""unrecomm"":""0""}]"
"뉴시스","2022-11-22","콴다, 중고교 기출 문제 서비스…해설도 제공한다","기출 디지털로 구현해 접근성 확장 매스프레소가 학교 기출 서비스를 통해 하이퍼 로컬 교육 플랫폼으로 서비스 영역을 확장한다. 인공지능(AI) 기반 학습... 매스프레소는 이번 출시를 기념하여 ▲해설 ▲출제 예상 문제 ▲고난도 문제▲ 최다 빈출 문제 ▲교과서 변형 문제 ▲오개념 점검 핸드북을 묶은 내신...","http://www.newsis.com/view/?id=NISX20221122_0002094926&cID=13001&pID=13000","https://n.news.naver.com/mnews/article/003/0011549481?sid=101","배민욱 기자","2022-11-22 09:07:16","2022-11-22 09:08:05","기사내용 요약 학교 기출 디지털로 구현해 접근성 확장 [서울=뉴시스] 콴다, 학교 기출 서비스 출시. (이미지=매스프레소 제공) 2022.11.22. photo@newsis.com [서울=뉴시스] 배민욱 기자 = 매스프레소가 학교 기출 서비스를 통해 하이퍼 로컬 교육 플랫폼으로 서비스 영역을 확장한다. 인공지능(AI) 기반 학습 플랫폼 '콴다' 운영사 매스프레소는 중·고등학교 내신 기출 문제와 해설을 제공하는 학교 기출 서비스를 출시했다고 22일 밝혔다. 학교 기출 서비스는 콴다 인앱 결제 상품이다. 대부분 동네 학원을 통해서만 접근이 가능했던 내신 기출 자료를 디지털로 구현해 저렴하게 받아볼 수 있는 서비스다. 이번에 출시된 학교 기출 서비스는 ▲시험지 ▲정답 ▲해설이 하나의 패키지로 구성됐다. 자신이 재학 중인 학교를 비롯해 주요 학군지 학교들에서 출제한 내신 시험 문제를 확인할 수 있다. 시험지와 정답만 제공해왔던 기존 내신 기출 서비스와 달리 모든 문제에 대해 자체 제작된 해설이 제공된다. 현재 서울·경기 지역 중2~고2 학년 수학 과목에 한해 서비스되고 있다. 콴다 앱 내에서 구매·다운로드 할 수 있다. 매스프레소는 이번 출시를 기념하여 ▲해설 ▲출제 예상 문제 ▲고난도 문제▲ 최다 빈출 문제 ▲교과서 변형 문제 ▲오개념 점검 핸드북을 묶은 내신 만점 패키지를 최대 75% 할인된 가격에 판매한다. 또 문항 반응 이론 알고리즘을 활용해 자체 개발한 진단평가를 무료로 제공한다.","경제",1,"[{""nick"":""b955****"",""date"":""2022-11-22 21:13"",""content"":""걍 족보닷컴 베끼는수준아님??"",""recomm"":""0"",""unrecomm"":""0""}]"
"YTN","2022-11-23","[뉴있저] 전문가들이 말하는 '미래 학교'...어떻게 달라질까?","코딩 교육이나 영어 수업에서 AI를 활용해 말하기를 연습하거나 음악 수업에서 디지털 기기로 작곡을 해보는 등 학습 전반에서 디지털 역량 교육이 진행됩니다. [정가원 / 창덕여중 1학년 : 기존 학교와 달리 교과서를 잘 쓰지 않다 보니까 약간 어색하긴 한데 그래도 오히려 전자기기를 활용해서 더 학습하는 데 더...","https://www.ytn.co.kr/_ln/0103_202211232007310476","https://n.news.naver.com/mnews/article/052/0001817351?sid=102","이형철 기자","2022-11-23 20:07:31","2022-11-23 20:19:02","■ 진행 : 함형건 앵커, 윤보리 앵커 ■ 출연 : 권희범 시사PD * 아래 텍스트는 실제 방송 내용과 차이가 있을 수 있으니 보다 정확한 내용은 방송으로 확인하시기 바랍니다. 인용 시 [YTN 뉴스가 있는 저녁] 명시해주시기 바랍니다. [앵커] 월간 뉴있저 시간입니다. 이번 달은 '학교'를 주제로 다양한 이야기를 전해드리고 있는데요. 오늘은 학교의 미래는 어떤 모습일지에 대해 다뤄보려고 합니다. 권희범 피디 나왔습니다. 우선 학교의 미래를 정확히 예측하긴 쉽지 않은데, 이 주제를 다루게 된 배경이 궁금한데요? [PD] 학교는 우리 사회를 이끌어갈 학생들이 시민으로서의 역량을 기르는 곳입니다. 다시 말해, 미래 학교의 모습이 미래의 우리 사회 모습에도 영향을 준다고 할 수 있습니다. 그래서 미래의 학교는 어떤 모습일지 궁금해졌는데요. 그래서, 우선 미래의 학교 모습을 엿보기 위해 서울시에서 '미래 학교'로 지정해 운영해온 창덕여자중학교를 찾아가 봤습니다. 창덕여중은 학급당 학생 수가 평균 15.7명, 교사당 학생 수도 7.6명으로, 학생 현황부터 보통의 학교들과는 사뭇 다른데요. 영상으로 먼저 보시겠습니다. 미래에 학교는 어떤 모습일까? 미래 학교의 모습을 짐작해 보기 위해 '서울 미래학교'로 지정된 창덕여중을 찾아가 봤습니다. 사회 수업 시간인데요. 교실의 모습부터 남다르죠? 칠판과 교탁을 향해 책상이 일렬로 늘어선 구조가 아니라, 학생들이 서로 토의하고 쉽게 원형으로 마주 보게 돼 있는데요. 학생들은 디지털 기기를 활용해 무엇을 하고 있을까요? [박의현 / 창덕여중 사회교사 : 개별화 수업이라고 해서 학생들이 제가 만들어준 영상을 보고 지식을 얻은 다음에 // 퀴즈를 풀고 교과서 탐구 활동을 하면서 이제 지식습득을 합니다.] 디지털 기기를 활용해 각자 문제를 풀고, 이후 선생님과 학습 내용을 점검하는 방식으로 수업이 진행되는데요. 학습량과 진도 등은 학생이 스스로 정하고, 교사는 이를 확인하고 도와주는 역할을 합니다. 수업 방식도, 교실 모습도, 조금은 다른 학교. 학생들은 어떻게 생각할까요? [서예원 / 창덕여중 1학년 : 혼자 진도를 나가니까 천천히 할 수 있고, 모르는 것을 선생님께 하나하나 물어볼 수 있어서 좋은 것 같아요.] [차주원 / 창덕여중 1학년 : 진도를 못 따라가는 애들이 있을 텐데. 자기 진도에 맞춰서 (진도를) 나갈 수 있는 분위기가 점점 많아졌으면 좋겠다고 생각해요.] 각자 학습을 마친 뒤 이어진 토론 시간. [주원이 보통선거가 뭐예요?] [남녀노소 상관없이, 모두가 투표를 할 수 있는 거예요.] [그렇지, 누구나 제한 없이.] [추첨으로 뽑은 회장보다 선거를 통해 뽑은 회장이 더 정당하다?] [더 지지를 받은 거기 때문에 정당성을 얻을 수 있다는 거죠.] 학생들은 배운 내용을 선생님에게 확인받은 뒤 각자 원하는 방법으로 표현하는 과정을 거칩니다. PPT 발표부터 학습만화, 영상, 포스터 등 다양한 형식으로 자신의 역량을 발휘하고 있는데요. [박의현 / 창덕여중 사회교사 : 너희가 여태까지 공부한 내용을 활용해서 뭔가 의미 있는 과제를 스스로 만들어서 한번 해봐 그게 성공할 수도 있고 실패할 수도 있는데 그것은 학교에서 연습해보는 거라고 학생들에게 알려주고 있습니다.] 창덕여중은 수업 방식뿐 아니라 교실의 형태도 일반 학교와 다른 부분이 많은데요. 앞서 본 원형의 토의형 교실 외에도 책상을 수업에 따라 변형할 수 있거나 설계된 교실도 있고, 디지털 기기를 원활하게 활용하기 위한 '테크 센터'도 운영하고 있습니다. [김영화 / 창덕여중 교장 : (교육) 환경도 거기에 서포트가 돼야 한다, 이렇게 생각하는데요. 체험이나 토론이 활발하게 학교 환경이 구축되어 있습니다.] [김가인 / 창덕여중 1학년 : 이렇게 원형에 둘러앉아서 이렇게 서로 눈을 보면서 의견을 나눌 수 있는 게 저는 좀 새롭고 좋은 것 같아요.] 디지털 역량을 키우는 것도 미래 학교에서 빼놓을 수 없죠. 코딩 교육이나 영어 수업에서 AI를 활용해 말하기를 연습하거나 음악 수업에서 디지털 기기로 작곡을 해보는 등 학습 전반에서 디지털 역량 교육이 진행됩니다. [정가원 / 창덕여중 1학년 : 기존 학교와 달리 교과서를 잘 쓰지 않다 보니까 약간 어색하긴 한데 그래도 오히려 전자기기를 활용해서 더 학습하는 데 더 도움이 되는 것 같습니다.] [김영화 / 창덕여중 교장 : 학생들의 소통, 협업, 디지털 활용 역량을 굉장히 끌어올리는 교육, 그것을 미래학교라고 생각합니다. 그래서 저희는 앞으로도 그런 부분에 더 역점을 둬서 학생들의 교육을 하고자 합니다.] 학생들이 각자의 수준에 맞게 학습하고 자신의 방식으로 표현하는 창덕여중. 미래의 학교가 이런 모습일까요? [김서진 / 창덕여중 1학년 : 제가 생각하는 미래학교는 뭔가 학생들이 강제적으로가 아닌 즐겁게 스스로 공부할 수 있는 그런 학교입니다.] [앵커] 네, 영상을 보니, 미래 학교의 모습이 좀 더 구체적으로 그려지는데요. 미래 학교를 예측하기 위해서는 먼저 학생들이 어떤 것들을 배우게 되고, 어떤 역량을 키우게 될지가 중요할 것 같은데요? [PD] 네, 전문가들은 미래의 학교에서 학생들이 키워야 할 역량으로 크게 두 가지를 언급하고 있습니다. 디지털 역량과 협력·소통의 역량인데요. 디지털 역량은 디지털 기술을 활용해 문제를 탐색하고 해결하는 역량인데요. 미래 사회는 단순 지식 습득보다 문제 해결 능력이 중요해지고, 이를 위해 AI나 빅데이터 등 디지털 기술을 활용해 문제를 해결하는 디지털 역량이 중요하다는 겁니다. 또 어느 한 분야의 전문성만으로 복잡한 미래사회의 문제를 해결할 수 없는 만큼, 분야 간, 영역 간 협력하고 소통하는 역량이 중요한데요. 직접 들어보시겠습니다. [임철일 / 서울대학교 교육학과 : 디지털 역량은 컴퓨터를 가지고 문제를 정의 내리거나 문제를 해결하는 역량이에요. 두 번째가 미래 사회에서는 우리 사람들이 같이 공존해야 한다. 서로 협력하고 또는 다른 상대방을 인정해주는….] [앵커] 미래 사회에서 필요로 하는 역량이 바뀐다면 교사의 역할도 바뀔 것으로 보이는데요. 교사의 역할은 어떻게 바뀌게 되는지요? [PD] 기존에는 교사의 주된 역할은 '지식 전달자'의 기능이었지만 갈수록 이런 역할은 줄어들 것으로 보입니다. 이미 많은 정보나 학습 자료들이 인터넷을 통해 쉽게 제공되기 때문인데요. 그에 따라 '지식 전달자'에서 학생들이 올바른 정보를 찾는 걸 도와주는, '조력자'의 역할로 바뀐다고 전문가들은 전망합니다. [임철일 / 서울대학교 교육학과 : 인터넷 강의라든지 유튜브 이런 걸 통해서 어떤 것을 전달하는 부분에 관련된 (자료는) 너무너무 자원이 많아요. (교사는) 학생들이 그걸 가지고 문제를 해결할 때 옆에서 도와줘야 해요. 교과로만 가르칠 수가 없어요.] 또 학생들이 획일적인 내용을 배우는 게 아니고 각자 필요한 정보를 찾고 학습할 수 있도록 '코디네이터'의 역할도 요구될 거란 전망인데요. 교사들이 학생들 각자 수준과 취향에 맞춰 커리큘럼을 짜주고, 다른 학교의 수업이나 체험 학습 등 다양한 활동과 연결해 준다는 겁니다. [김주후 / 아주대학교 교육대학원 : 어떤 학생은 이날 1교시부터 3교시까지 와서 일반적인 수업을 듣지만, 오후에는 진로 체험과 관련된 지역사회 어느 기관을 방문하고 또 그 다음 날은 사이버 공간에 들어가서 그 전문가하고 토론하고 같이 갔던 친구들끼리 협업을 해서 뭔가 토의하는 프로젝트를 한다든가 이런 식의 교육이 이루어질 거라고 (본다.)] [앵커] 창덩여중 사례에서 원형 책상 등 미래 학교의 공간적인 측면도 흥미로운데요. 공간적인 측면에서 미래 학교는 어떻게 변하게 됩니까? [PD] 네, 전문가들은 기존 학교의 획일적인, 표준화된 모습은 미래 학교에는 맞지 않는다고 지적했는데요. 과거처럼 교탁과 책상이 일직선으로 정렬된 모델, 교사가 다수의 학생에게 지식을 전달하는 데 효과적인 모델은 사라질 거라 예상합니다. 미래 학교 공간은 미래 역량을 키울 수 있게 학교 구성원의 필요와 의견에 따라 다양하고 유동적인 공간이어야 한다고 말하는데요. 직접 들어보시겠습니다. [이경선 / 홍익대학교 건축학과 : 가구가 일자형으로 해서 선생님을 바라보는 배치했을 때는 토론이 일어나지 않습니다. (기존의 학교는) 어딜 가나 학교가 똑같아요. 그러니까 특성이 없는 거죠. 아이들의 생각은 '문은 이래야 하고, 신발장은 이래야 하고' 항상 똑같은 생각을 하겠죠. 그러니까 공간을 가변적이고 유연한 것을 어떻게 만들 것인가 고민을 해봐야 하고….] 정리하자면 전문가들은 미래의 학교를 이렇게 정의했는데요. 학생들이 각자의 소질과 취향에 맞게 배울 수 있는 학교. 디지털 기술을 활용해 소통하고 협업하는 역량을 키울 수 있는 학교. 마지막으로 입시 위주의 경쟁에서 벗어나 배움에서 행복을 느낄 수 있는 학교인데요. 이런 학교가 곧 미래 사회의 실질적인 경쟁력을 키울 수 있는 학교이기 때문입니다. [김주후 / 아주대학교 교육대학원 : 관심의 초점을 경쟁 자체가 아니라 학습을 즐기고 미래로 나아가는 실질적인 경쟁력에 좀 초점을 맞춰보자. 이게 이야기(미래 학교)의 포인트가 되겠습니다.] [앵커] 네, 미래의 학교 기대되네요. 월간뉴있저, 11월의 마지막 주제는 뭔가요? [PD] 네, 월간 뉴있저, 다음 시간에는 학교 밖 청소년에 대해 다룹니다. 많은 학생들이 정규 학교에 다니지만, 여러 가지 이유로 학교를 떠난 청소년들도 있는데요. 포항에 있는 한 대안학교를 찾아 학교 밖 청소년들과 대안학교 선생님을 만나봤습니다. [앵커] 네, 오늘 말씀 잘 들었습니다. ※ '당신의 제보가 뉴스가 됩니다' [카카오톡] YTN 검색해 채널 추가 [전화] 02-398-8585 [메일] social@ytn.co.kr","사회",2,"[{""nick"":""lyie****"",""date"":""2022-11-24 02:18"",""content"":""학생 인터뷰 영상은 빠졌네요."",""recomm"":""0"",""unrecomm"":""0""},{""nick"":""rlaf****"",""date"":""2022-11-23 20:21"",""content"":""8829번째:記錄恨多"",""recomm"":""0"",""unrecomm"":""1""}]"
"뉴시스","2022-11-15","경북교육청 내년 예산 5조9229억원, 올해보다 15.8%↑","'수요자 중심 미래형 교육체제 실현'을 위해선 ▲미래형 교실인 그린스마트 스쿨 사업 3659억원 ▲AI융합 및 메타버스 등 소프트웨어교육 활성화 100억원 ▲디지털 교과서 활용 등 스마트 교육지원 69억원 ▲학교정보화 장비 및 학내 전산망 구축 316억원 ▲첨단과학실험 기자재 지원 등 과학교육 지원...","http://www.newsis.com/view/?id=NISX20221115_0002086211&cID=10810&pID=10800","https://n.news.naver.com/mnews/article/003/0011536453?sid=102","류상현 기자","2022-11-15 09:45:44","2022-11-15 09:46:07","경북교육청 *재판매 및 DB 금지 [안동=뉴시스] 류상현 기자 = 경북교육청이 내년도 본예산으로 5조9229억원을 확정하고 최근 예산안을 도의회에 제출했다고 15일 밝혔다. 도교육청에 따르면 내년 예산 규모는 올해의 5조1162억원보다 8067억원(15.8%) 더 많다. 이 규모로 늘어난 것은 올해 중앙정부가 내려준 보통교부금이 8538억원 증가한 것이 가장 큰 원인이다. 교육청은 내년 예산 편성 기본방향에 대해 ▲코로나19 장기화로 인한 교육격차 해소 ▲학생 안전 강화를 위한 교육안전망 구축 ▲미래형 교육과정 운영을 위한 교육환경 기반 구축 등에 중점을 뒀다고 밝혔다. 경북도의 지원 폭을 놓고 최근 논란이 된 무상급식비는 올해보다 570억원이 늘었다. <뉴시스 9월28일 보도 참조> 이는 그동안 무상급식 인건비와 운영비는 교육청이 전액 부담하고 식품비는 교육청 60%, 도청(12%)과 기초자치단체(28%)가 40%를 부담해 온 것을 내년부터는 교육청이 올해보다 20% 증가한 80%를 부담하고 식품비 단가를 올해 대비 20% 올렸기 때문이다. 내년 예산에서는 먼저 '코로나19 장기화로 인한 학생들의 교육격차 해소'를 위해 ▲기초학습 부진학생 책임지도 309억원 ▲수학교육 활성화 148억원 ▲정서행동 발달지원 28억원 ▲학생 수련활동 지원 46억원 ▲원어민 영어보조교사 운영 및 영어회화 전문강사 배치 125억원 ▲농산어촌 방과후학교 운영 241억원 ▲토요방과후 프로그램 운영 등 방과후학교 운영 47억원 ▲방과후 자유수강권 지원 79억원 ▲초등 돌봄교실 운영 172억원 ▲특수학교(급) 방과후학교 지원 74억원 ▲소규모학교 운영 체제 개선 266억원 ▲특성화고 지원 139억원 ▲마이스터고 지원 117억원 ▲학교운영비 지원 4815억원 등이 배정됐다. '학생 안전 강화를 위한 교육안전망 구축'을 위해선 ▲사립유치원 운영 지원을 위해 인건비, 운영비 등 227억원 ▲누리과정비 지원 및 운영 1826억원 ▲유치원 종일제 운영 78억원 ▲유아교육 지원 25억원 ▲휴가중 계절유치원 운영 33억원 ▲무상급식 식품비 1581억원 ▲급식운영비 157억원 ▲학기중 토·공휴일 급식비 지원 84억원 ▲학교폭력 및 학업중단 예방 지원 84억원 ▲학교안전통합 시스템 구축 23억원 ▲학교안전사고 예방 CCTV 운영 177억원 ▲특수교육 복지 및 운영 265억원 ▲특수학급 신증설 34억원 ▲학교 배움터 지킴이 및 통학로 안전지킴이 운영 12억원 ▲교과서 지원 262억원 ▲교육급여 지원 112억원 ▲교육복지 우선 지원 104억원 ▲교육비 지원 248억원 ▲다문화교육 및 북한이탈주민 등 자녀교육 지원 42억원 ▲저소득층 자녀 정보화 지원 58억원 등이 편성됐다. '수요자 중심 미래형 교육체제 실현'을 위해선 ▲미래형 교실인 그린스마트 스쿨 사업 3659억원 ▲AI융합 및 메타버스 등 소프트웨어교육 활성화 100억원 ▲디지털 교과서 활용 등 스마트 교육지원 69억원 ▲학교정보화 장비 및 학내 전산망 구축 316억원 ▲첨단과학실험 기자재 지원 등 과학교육 지원 107억원 ▲융합인재교육 지원 14억원 ▲영재교육기관 운영 33억원 ▲메이커교육 운영 및 발명교육센터 운영 75억원 ▲과학 실험실 현대화 118억원 ▲기술가정교과 현대화 20억원 ▲취업기능 강화 및 산학일체형 직업교육 135억원 ▲직업계고 학점제 운영 52억원 ▲놀이중심 교육과정 운영 106억원 ▲고교학점제 기반 조성 115억원 ▲교육과정 운영 103억원 ▲교과교실제 운영 195억원 ▲국가직무능력표준(NCS)기반 교육과정 운영 110억원 등이 반영됐다. '학생 및 교직원 건강관리 및 학교 교육환경 개선'을 위해선 ▲학교보건 관리 355억원 ▲학교환경 위생관리 115억원 ▲급식소 증개축 478억원 ▲다목적강당 보수 및 증축 389억원 ▲생활관 보수 및 증축 368억원 ▲실습동 증개축 66억원 ▲특별교실 증축 89억원 ▲교실 증축 223억원 ▲교사 신축(6교) 및 이전(2교) 510억원 ▲석면 천장개체 및 소방·전기시설 개선 516억원 ▲장애인편의시설 및 화장실 개선 등 3168억원 등이 포함됐다. 신규 사업으로는 ▲시지역 방과후학교 운영비 지원 136억원 ▲제10차 산업 미래교육과정 운영 지원 10억원 ▲초등돌봄교실 간식비 지원 26억원 ▲학교 내 쉼 공간 구축 27억원 ▲통학로 안전지킴이 운영 4억원 ▲토요방과후 프로그램 운영비 10억원 등이 제출됐다. 임종식 경북교육감은 ""내년도 본예산은 코로나19로 위축된 학교 현장을 예전의 일상으로 되돌리기 위한 교육회복과 미래사회를 준비하는 미래형 교육과정 및 교육환경을 도입하고, 특히 교육복지의 사각지대가 발생하지 않도록 배려대상별 맞춤형 지원과 교육환경개선 등 모든 학생의 교육회복 지원 및 국가교육 책임 강화와 수요자 중심 미래형 교육체제 실현에 중점을 두었다""고 말했다. 한편 이번에 제출한 예산안은 도의회 교육위원회의 심의와 예결위원회의 심의를 거쳐 다음달 12일 최종 확정될 예정이다.","사회",0,"[]"
"뉴시스","2022-11-16","경남교육청, 2023년도 예산 7조1865억원 편성","디지털·인공지능(AI) 교육 환경 등 미래교육체제 구축을 위해 ▲교원용 스마트 단말기 및 전자칠판 등 학교 정보화기기 보급 확대 849억 원 ▲디지털교과서 운영 및 활성화 등 정보통신기술(ICT) 활용 교육 지원 355억 원 ▲고교학점제 운영 451억 원 ▲공립 온라인학교 신설 및 미래교육테마파크 운영...","http://www.newsis.com/view/?id=NISX20221116_0002088234&cID=10812&pID=10800","https://n.news.naver.com/mnews/article/003/0011540260?sid=102","홍정명 기자","2022-11-16 16:48:19","2022-11-16 16:50:11","기사내용 요약 2022년도 6조495억원 대비 18.8% 증가 유아교육 3050억, 미래교육 1888억 원 등 [창원=뉴시스] 홍정명 기자=박종훈 경남도교육감이 16일 오후 도의회 본회의장에서 2023년도 새해예산안 관련 시정연설을 하고 있다.(사진=경남도교육청 제공)2022.11.16. photo@newsis.com [창원=뉴시스] 홍정명 기자 = 경상남도교육청은 16일 7조1865억 원 규모의 2023년도 경상남도교육비특별회계 예산안을 편성해 도의회에 제출했다. 박종훈 교육감은 이날 오후 열린 경남도의회 제400회 정례회에서 새해예산안 시정연설을 통해 ""2023년도 경상남도교육비특별회계는 학생의 창의력과 미래교육 역량을 키우는 교육 본질 중심, 코로나19 이후의 미래교육 수요 여건 개선, 안전한 교육 환경 개선 등에 주안점을 뒀다""고 밝혔다. 내년도 예산안 규모는 정부의 세제개편에 따른 내국세 증가로 중앙정부에서 받는 보통교부금이 늘어나 2022년도 본예산 6조495억 원보다 18.8%인 1조1370억 원이 증가했다. 세입 재원은 ▲재정집행 효율화 등 자체 노력 수요 인센티브 225억 원을 포함한 보통교부금 및 특별교뷰금 등 중앙정부 이전 수입 6조3071억 원(87.8%) ▲지방자치단체 및 기타 이전 수입 8019억 원(11.1%) ▲자체수입 175억 원(0.3%) ▲순세계잉여금 600억 원(0.8%)이다. 세출예산 주요 내용은 ▲인건비·학교기본운영비·기관운영비를 포함한 경직성 경비가 전체 예산액의 59.1%인 4조2456억 원 ▲교육사업비가 전체 20.3%인 1조4637억 원 ▲학교 교육 환경 개선비 등 시설 사업비가 16.5%인 1조1861억 원 ▲민간투자사업상환금이 0.8%인 550억 원 ▲예비비가 0.5%인 359억 원 ▲기금전출금이 2.8%인 2002억 원이다. 분야별 주요 사업을 보면, 먼저 코로나19로 인한 학생들의 교육격차 및 교육결손 회복을 위해 ▲교과 보충 프로그램 및 학습 지원 튜터(tutor·교육 등을 할 수 있는 능력을 갖춘 인력) 지원 262억 원 ▲두드림학교 및 학습종합클리닉센터 운영 113억 원 ▲방과 후 학교 운영 및 방과 후 자유수강권 지원 197억 원 등 학력을 높이는 데 644억 원을 편성했다. 또 학생·교원들 심리·정서 지원 및 학생 건강·체력 활성화를 위해 ▲학생상담활동 지원 18억 원 ▲행복교권드림센터 운영 15억 원 ▲수학여행 및 체육복 구입비 지원 289억 원 ▲학교스포츠클럽 운영비 32억 원 등 546억 원을 편성했다. 교육의 첫걸음마인 유아교육을 활성화를 위해선 ▲국내 거주 외국인 유아 등을 포함한 누리과정 교육비 2342억 원 ▲만 5세 사립유치원 무상교육 지원 209억 원 ▲사립유치원 교육역량 제고 사업 253억 원 ▲공·사립 유치원 방과 후 과정 운영 지원 183억 원 등 3050억 원을 편성해 유아교육의 공공성을 확대한다. 또 능력 있는 전문 기술 인력 양성과 산학 협력 강화, 직업계 고등학교 학생 지원을 위해 ▲경남형혁신지원사업 및 도제교육 등 직업교육 운영 270억 원 ▲경남직업계고 학생들의 취업 준비를 위한 꿈디딤 카드 학생에게 자격증 및 어학학원, 서점, 독서실, 사진관, 문구점 등 취업역량 강화를 위한 충전식 카드 및 현장실습 지원금 등 취업 역량 강화 137억 원 ▲실험실습 기자재 확충 및 실습 안전용품 등 직업교육 환경 개선 94억 원 등 501억 원을 편성했다. 디지털·인공지능(AI) 교육 환경 등 미래교육체제 구축을 위해 ▲교원용 스마트 단말기 및 전자칠판 등 학교 정보화기기 보급 확대 849억 원 ▲디지털교과서 운영 및 활성화 등 정보통신기술(ICT) 활용 교육 지원 355억 원 ▲고교학점제 운영 451억 원 ▲공립 온라인학교 신설 및 미래교육테마파크 운영 등 1888억 원을 편성해 미래교육 인재 양성 및 수요에 적극적으로 대응한다. 코로나19 재유행 대응 등 교육 안전망 구축을 위해서 ▲방역 인력 등 방역 지원 201억 원 ▲안전체험교실 구축 등 안전 기반 구축 33억 원 ▲거점통합돌봄센터 늘봄 3호 추진 등 공적 돌봄 서비스 확대 267억 원 등 659억 원을 편성했다. 그리고 안전하고 쾌적한 교육 환경을 만들고 학교현장 지원 강화를 위해 ▲학교 신·증설 시설 개선 3160억 원 ▲그린 스마트 미래학교, 내진 보강, 석면 교체 등 오래된 학교 교육시설 개선 8312억 원 ▲(가칭)경남진로교육원 설립 및 의령교육지원청 이전 등 기관 시설 개선 1136억 원 등 1조1861억 원을 들여 시설를 개선한다. 박종훈 교육감은 ""시대정신이자 모든 시대를 함께하는 교육의 가치인 자립과 공존의 힘을 길러주는 경남 미래교육의 역량 강화를 향해 더욱 나아겠다""면서 ""학생의 개별성을 삶의 힘으로 만드는 교육, 모두의 가능성을 실현하는 교육, 모든 곳이 학교, 모든 이가 선생님이 되는 교육으로, 오직 경남교육과 경남 학생을 위해 노력하겠다""고 말했다. 새해예산안은 오는 30일부터 12월 15일까지 열리는 도의회 교육위원회 예비심사와 예산결산특별위원회의 종합심사를 거쳐 12월 15일 최종 의결된다.","사회",0,"[]"
"노컷뉴스","2022-11-16","경남교육청, 내년 예산 7조 1865억 원 편성","","https://www.nocutnews.co.kr/news/5849806","https://n.news.naver.com/mnews/article/079/0003707435?sid=102","김효영 기자","2022-11-16 10:02:01","2022-11-16 10:02:01","핵심요약 전년 대비 18.8% 증가…학력 향상 및 심리·정서 지원 1190억 원 사립유치원 무상교육 지원 등 유아교육 활성화에 3050억 원 정보기기 확대 등 미래교육 체제 구축 1888억 원 경남교육청 제공 경남교육청이 2023년도 경상남도교육비특별회계 예산안을 7조 1865억 원 규모로 편성해 도의회에 제출했다. 박종훈 교육감은 16일 ""2023년도 경상남도교육비특별회계는 학생의 창의력과 미래교육 역량을 키우는 교육 본질 중심, 코로나19 이후의 미래교육 수요 여건 개선, 안전한 교육 환경 개선 등에 주안점을 뒀다""고 밝혔다. 이번에 제출한 예산안 규모는 정부의 세제개편에 따른 내국세 증가로 중앙정부에서 받는 보통교부금이 늘어나 전년도 예산과 비교해 18.8%인 1조 1370억 원이 증가했다. 주요 사업으로는 코로나19로 빚어진 학생들의 교육격차, 교육결손을 회복하기 위해 △교과 보충 프로그램 및 학습 지원 튜터 지원 262억 원 △두드림학교 및 학습종합클리닉센터 운영 113억 원 △방과 후 학교 운영 및 방과 후 자유수강권 지원 197억 원 등 학력을 높이는 데 644억 원을 편성했다. 또 코로나19 장기화로 발생한 학생과 교원의 심리․정서를 지원하고, 학생 건강․체력을 활성화하기 위해 △학생상담활동 지원 18억 원 △행복교권드림센터 운영 15억 원 △수학여행 및 체육복 구입비 지원 289억 원 △학교스포츠클럽 운영비 32억 원 등 546억 원을 편성했다. 유아교육을 활성화하기 위해 △국내 거주 외국인 유아 등을 포함한 누리과정 교육비 2,342억 원 △만 5세 사립유치원 무상교육 지원 209억 원 △사립유치원 교육역량 제고 사업 253억 원 △공․사립 유치원 방과 후 과정 운영 지원 183억 원 등 3050억 원을 편성하여 학부모의 부담을 완화하고, 유아교육의 공공성을 확대한다. 또 능력 있는 전문 기술 인력 양성과 산학 협력 강화, 직업계 고등학교 학생 지원을 위해 △경남형혁신지원사업 및 도제교육 등 직업교육 운영 270억 원 △경남직업계고 학생들의 취업 준비를 위한 꿈디딤 카드 및 현장실습 지원금 등 취업 역량 강화 137억 원 △실험실습 기자재 확충 및 실습 안전용품 등 직업교육 환경 개선 94억 원 등 501억 원을 편성하여 학생들의 사회 진출 지원도 확대한다. 디지털․인공지능(AI) 교육 환경 변화에 대응하는 등 미래교육 체제를 구축하고자 △교원용 스마트 단말기 및 전자칠판 등 학교 정보화기기 보급 확대 849억 원 △디지털교과서 운영 및 활성화 등 정보 통신 기술(ICT) 활용 교육 지원 355억 원 △고교학점제 운영 451억 원 △공립 온라인학교 신설 및 미래교육테마파크 운영 등 1888억 원을 편성하여 미래교육 인재 양성, 수요에 적극적으로 대응한다. 코로나19 재유행 대응 등 교육 안전망 구축을 위해 △방역 인력 등 방역 지원 201억 원 △안전체험교실 구축 등 안전 기반 구축 33억 원 △거점통합돌봄센터 늘봄 3호 추진 등 공적 돌봄 서비스 확대 267억 원 등 659억 원을 편성했다. 안전하고 쾌적한 교육 환경을 만들고 학교 현장 지원을 강화하기 위해 △학교 신․증설 시설 개선 3160억 원 △그린 스마트 미래학교, 내진 보강, 석면 교체 등 오래된 학교 교육시설 개선 8312억 원 △(가칭)경남진로교육원 설립 및 의령교육지원청 이전 등 기관 시설 개선 1136억 원 등 1조 1861억 원을 들여 시설를 개선한다. 예산안은 오는 30일부터 열리는 제400회 경남도의회 정례회에서 교육위원회 예비 심사와 예산결산특별위원회의 종합 심사를 거쳐 최종 의결된다.","사회",0,"[]"
"머니투데이","2022-11-17","초등학교 선생님 IT컨퍼런스에 왜?...""메타버스 시민교육 시급""","유튜브 채널 '친절한 에듀테크쌤'을 운영하는 이 교사는 교육부·한국교육학술정보원 디지털 교과서 실감형 콘텐츠 제작위원, 서울시교육청 에듀테크... 이어 연세대 AI 메타버스 CEO포럼 원장인 박인규 갤럭시코퍼레이션 부사장은 '웹 3.0 메타버스 영역의 확장'에 대해 알려준다. 28년 경력 증권맨 출신의 박...","http://news.mt.co.kr/mtview.php?no=2022111714005477998","https://n.news.naver.com/mnews/article/008/0004819233?sid=102","최우영 기자","2022-11-17 14:24:33","2022-11-17 14:25:04","성신초에서 VR 교육이 진행되는 모습. /사진=브래니 페이스북 현직 초등학교 교사가 IT 컨퍼런스 무대에 선다. 2017년부터 교육현장에서 VR기반 메타버스 교육을 접목한 이주성 서울 성신초등학교 교사가 주인공이다. 과학기술정보통신부와 머니투데이가 오는 22일 서울 소공동 플라자호텔에서 개최하는 '메타버스 이노베이션 컨퍼런스'에서 이 교사는 교육현장에서 메타버스 적용사례를 소개한다. 유튜브 채널 '친절한 에듀테크쌤'을 운영하는 이 교사는 교육부·한국교육학술정보원 디지털 교과서 실감형 콘텐츠 제작위원, 서울시교육청 에듀테크 선도교사 등으로 활동하며 디지털 인재양성에 앞장서 왔다. 그는 ""과거엔 인터넷 자료만 보여줘도 혁신이었지만, 이젠 학생들이 유튜브 영상에도 관심을 안 둔다""라며 ""모니터를 넘어 체험할 수 있는 실감형 수업이 필요하다고 생각해 VR에 주목했다""고 말했다. 이주성 성신초등학교 교사. /사진=메타 태어나면서부터 스마트폰을 활용한 초등생에게 메타버스는 놀이터 그 이상이라는게 이 교사의 지론이다. 이 교사는 ""학생들은 VR로 땅에 씨를 뿌려 꽃을 키우거나, 해 아이콘을 하늘로 던져 낮과 밤을 바꾸며 자연보호 중요성을 깨닫는다""며 ""때론 학생들이 제게 더 많은 기능을 알려줄 정도로 지식 전달을 넘어 자기 주도적으로 학습하는 환경""이라고 말했다. 특히 VR은 비대면 시대에 체험학습을 할 수 있는 효과적인 도구라는 설명이다. 이 교사는 메타버스가 다가올 미래라면 학교에서 안전하고 올바른 사용법을 가르쳐야 한다고 강조한다. 현실뿐 아니라 가상현실 속 삶도 준비시켜야 한다는 것이다. 그는 ""VR 기술이 고도화하면서 멀미 등의 문제는 상당부분 개선됐다""라며 ""학생에게 미래 삶을 준비시키는 게 학교의 중요 목표인 만큼 초등학교 때부터 메타버스 시민교육이 중요하게 다뤄져야 한다. 올바른 활용 방법을 모른 채 메타버스에 방문하면 더 큰 위험에 노출될 수 있을 것""이라고 우려했다. 디지털 윤리 교육도 메타버스 같은 디지털 공간에서 이뤄져야 더 효과적이라는게 그의 철학이다. 그는 ""가상현실에서 누가 나의 별명을 부르거나 아바타를 만지는 일이 발생했을 때 감정이 어땠는지 서로 이야기하게 하면 학생들도 현실과 가상현실에서 느끼는 감정이 같다는 걸 알고 아바타를 실제 사람처럼 대해야 한다는 걸 이해한다""며 ""PC·모바일 기반 메타버스와 달리 VR은 몰입감과 실재감이 높아 디지털 윤리 교육에 더 적합하다""고 설명했다. 이날 행사는 이교사의 강연외에도 메타버스 이노베이션 대상 수상기업들의 발표, 국내 최고 전문가로 구성된 모더레이터와 함께 하는 대담, 질의응답이 이어진다. /사진=티타임즈TV 기조강연은 과학철학 분야 베스트셀러 '다윈의 식탁'으로 알려진 장대익 가천대 창업대학장이 맡는다. 서울대 교수를 거쳐 메타버스 기업 트랜스버스를 창업하고 올들어 가천대 창업대학장이자 석좌교수로 변신한 장 교수는 '다윈, 메타버스에 가다: 진화의 눈으로 본 가상의 실감세계'를 통해 수렵채집기에 적응된 우리의 오래된 마음이 메타버스라는 오픈월드에서 어떻게 나타날지에 대한 화두를 던진다. 실세계에서 일어나는 인간의 모든 행동적 특징들이 그대로 나타날지, 그 속에서 우리가 다른 인류로 진화할지 진화적 관점에서 본 인간과 메타버스의 미래에 대해 강연한다. 박인규 갤럭시코퍼레이션 최고경험책임자가 지난달 27일 서울 종로구 머니투데이에서 제6회 유니콘팩토리 스타트업 네트워킹 세미나를 하고 있다. /사진=이기범 기자 leekb@ 이어 연세대 AI 메타버스 CEO포럼 원장인 박인규 갤럭시코퍼레이션 부사장은 '웹 3.0 메타버스 영역의 확장'에 대해 알려준다. 28년 경력 증권맨 출신의 박 부사장은 웹 3.0 생태계의 확장이 메타버스 성장으로 이어지는 과정에서 콘텐츠의 중요성을 중심으로 대응부터 생존, 패권을 움켜지기까지의 전략을 짚어볼 예정이다. 오후 세션에서는 '이달의 메타 이노베이션'으로 선정된 기업들의 발표와 국내 최고 전문가로 구성된 모더레이터와 함께하는 대담, 질의응답이 이어진다. 신동형 알서포트 전략기획팀장. 첫번째 세션 '산업현장의 메타버스'는 신동형 알서포트 이사가 모더레이터로 나서 송동석 노바테크 대표, 하태진 버넥트 대표와 함께 메타버스가 실제 산업현장에서 어떻게 적용되는지, 나아갈 방향과 고민을 돌아본다. 노바테크는 원전해체 가상작업실 등 산업안전 분야의 메탑스 선두 기업이다. 버넥트는 다자간 원격 XR 솔루션을 제공해 현장 작업자와 원거리 전문가의 실시간 협업을 돕는다. 'XR과 메타버스' 세션에서는 최필식 IT 전문작가가 모더레이터를 맡아 곽기욱 비햅틱스 대표, 오승우 클로버추얼패션 대표와 대담을 나눈다. 비햅틱스는 전세계 VR게임시장의 햅틱조끼 시장을 석권하고 있는 '택트 수트' 제조사다. 클로버추얼패션은 3D 시뮬레이션을 통해 가상의 의상 샘플을 만들 수 있도록 도와 디자인-제조-유통 과정에서의 효용성을 극대화해 시장에서 인정 받고 있다. 최근 방한한 나델라 MS CEO는 오 대표를 만난 사실이 알려져 화제가 되기도 했다. (부산=뉴스1) 여주연 기자 = 김범주 유니티코리아 본부장이 11일 오전 부산 동구 초량동 아스티호텔에서 열린 '오션테크 코리아 2021'행사에서 메타버스 현상과 관련 기술의 활용을 주제로 기조발표를 하고 있다. 2021.11.11/뉴스1 '3D기술과 메타버스' 세션은 모더레이터인 김범주 유니티코리아 본부장과 함께 반성훈 리콘랩스 대표, 서국한 두리번 대표가 경험을 나눈다. 리콘랩스는 스마트폰 등으로 간단하게 찍은 2D 이미지를 3D 모델로 바꿔주는 자체 알고리즘을 보유해 AR 커머스를 돕고 있다. 두리번은 1인 방송 시대를 겨냥한 '아이튜버 크리에이터'의 페이셜 인식 앱을 통해 크리에이터의 표정과 입 모양을 그대로 따라하는 NFT캐릭터를 내놓은 바 있다. 이 밖에도 오경희 서울시 디지털정책담당관이 오는 12월 정식 오픈 예정인 '메타버스 서울 플랫폼'에 대해 소개하면서 메타버스를 통한 시민들의 의견 수렴과 도시행정 혁신에 대한 고민을 나눌 예정이다. '메타버스 서울'은 시장실과 시청 로비, 서울광장 등을 자체 메타버스에 구현해 실제 행정 서비스까지 연계하는 국내 지자체 첫 플랫폼이다. 한편 11월 22일 열리는 메타버스 이노베이션 컨퍼런스(www.mt.co.kr/k-meta/)에 참석하려면 온오프믹스를 통해 신청·접수하면된다. 대학생과 관련기업 종사자는 무료(현장등록)로 참가하면된다.","사회",0,"[]"
"뉴시스","2022-11-01","비상교육 김태진 ""내년 매출 1200억…4년 뒤 20만 회원""(종합)","교과서 속 어휘와 용어를 통해 기초 개념을 익힐 수 있는 '메타카드'와 과목별로 메타인지 학습 전략을 수립한 후 공부할 수 있는 '메타인지 플러스' 등이 대표적이다. 온리원 중등에는 개념과 강의, 문항, 디지털 콘텐츠, 노트 등 중등 학습에 필요한 모든 기능이 담겼다. 학습 과정에서 놓치지 말아야 하는...","http://www.newsis.com/view/?id=NISX20221101_0002069385&cID=13001&pID=13000","https://n.news.naver.com/mnews/article/003/0011510227?sid=101","권안나 기자","2022-11-01 12:52:13","2022-11-01 12:53:05","기사내용 요약 메타인지 스마트학습 '온리원' 출시 자기주도적 학습 능력 개발 시스템 유아부터 중등까지 폭넓은 라인업 [서울=뉴시스] 김태진 비상교육 러닝컴퍼니 대표. (사진=비상교육 제공) 2022.11.01. photo@newsis.com *재판매 및 DB 금지 [서울=뉴시스]권안나 기자 = 김태진 비상교육 러닝컴퍼니 대표는 1일 ""내년 매출은 1200억원을 예상한다""며 ""2026년에는 회원수 20만명 상회를 목표로 하고 있다""고 밝혔다. 김 대표는 이날 서울 여의도 글래드호텔에서 열린 메타인지 기반 스마트 학습 시스템 '온리원'(OnlyOne) 출시 간담회에서 이 같이 말했다. 메타인지는 자신의 인지 과정에 대해 한 차원 높은 시각에서 관찰·발견·통제하는 정신 작용을 말한다. 김 대표는 ""공부에 대한 본질과 아이들의 성장을 고민해 완전한 자기주도적 학습 능력을 키울 수 있는 온리원을 선보이게 됐다""며 ""온리원이 스마트 학습의 새로운 기준이 될 것""이라고 말했다. 온리원은 완전한 자기주도적 학습 능력을 발휘할 수 있도록 구현한 스마트 학습 시스템이다. 배운 걸 알고 있는지를 시작으로 부족한 부분을 스스로 깨닫고 이를 어떻게 보완해 나가야 할지를 함께 고민하는 데 초점을 맞췄다. 김 대표는 온리원이 가진 차별점에 대해 ""메타인지를 기반으로 콘텐츠·서비스·학습코칭을 유기적으로 결합해 구조화한 첫 사례""라며 ""단순한 디바이스(기기)가 아니라 유용한 도구로 학습 과정을 쌓아가는 데이터베이스(자료)와 궁극적으로는 공부 커뮤니티로 진화하는 것""이라고 말했다. 그러면서 ""내부적인 검증 뿐만 아니라 3~4년동안 사업에 직접 적용해 고객의 반응을 보고 데이터를 쌓아 별도의 팀을 꾸려 연구했다""고 덧붙였다. 온리원의 메타인지 학습 과정은 3단계로 나뉜다. 첫 번째는 스스로 아는 것과 모르는 것에 대해 돌아본다. 이를 토대로 모르는 내용만 선택적으로 학습한다. 마지막으로 앞선 과정을 거치며 공부한 내용을 이해한다. 또 인공지능(AI)을 접목해 몰입형 인터랙션 콘텐츠, 음성을 시각화한 기술, 애니메이션 등을 활용한 학습 콘텐츠로 흥미를 유발한다. 온리원은 유아부터 중등까지 이어지는 폭넓은 라인업을 갖췄다. 먼저 온리원 키즈는 공부하는 힘과 문제해결력, 학습 기초체력을 길러주는 데 방점이 찍혀 있다. '마음챙김' 서비스를 통해서는 아이의 심리를 진단하고, 진단 결과를 바탕으로 정서를 케어할 수 있다. 온리원 초등은 공부 기본기를 탄탄하게 다질 수 있도록 돕는다. 교과서 속 어휘와 용어를 통해 기초 개념을 익힐 수 있는 '메타카드'와 과목별로 메타인지 학습 전략을 수립한 후 공부할 수 있는 '메타인지 플러스' 등이 대표적이다. 온리원 중등에는 개념과 강의, 문항, 디지털 콘텐츠, 노트 등 중등 학습에 필요한 모든 기능이 담겼다. 학습 과정에서 놓치지 말아야 하는 내용에 대해서는 가이드 멘트가 재생되고 디지털 노트 기능도 제공한다. 온리원 개발을 이끈 김원태 비상교육 메타학습연구소 선임연구원은 ""공부에 대한 관점의 변화가 행동의 변화를 이끌어내고 성적 향상의 성과를 이뤄낼 것이라고 생각했다""며 ""어려웠던 걸 '낯설게 하기' 과정이 필요하다고 인식했고, 꺼내어 보는 것에 초점을 뒀다""고 말했다.","경제",0,"[]"
"부산일보","2022-11-01","스마트 학습의 새로운 기준, 비상교육 '온리원' 전격 공개","교과서 속 어휘와 용어를 통해 기초 개념을 익힐 수 있는 '메타카드'와 과목별로 메타인지 학습 전략을 수립한 후 공부할 수 있는 '메타인지 플러스'가 대표적이다. 영어 단어와 연산을 게임을 하면서 재미있게 학습할 수 있도록 퀴즈몬스터도 탑재했다. 온리원 중등에는 개념과 강의, 문항, 디지털 콘텐츠, 노트 등...","https://www.busan.com/view/busan/view.php?code=2022110111034044834","https://n.news.naver.com/mnews/article/082/0001181732?sid=101","황상욱 기자(eyes@busan.com)","2022-11-01 15:35:01","2022-11-01 15:35:01","글로벌 교육 문화 기업 비상교육이 1일 서울 여의도 글래드호텔에서 '비상 온리원 론칭 미디어데이'를 개최하고 메타인지 기반의 스마트 학습 시스템 '온리원(OnlyOne)'을 전격 공개했다. 비상교육이 새롭게 선보이는 온리원은 메타인지를 기반으로 완전한 자기주도적 학습 능력을 발휘할 수 있도록 구현한 스마트 학습 시스템이다. 유아부터 중등까지 이어지는 폭넓은 라인업을 갖췄으며, 학습자 관점에서 배움의 즐거움을 느끼고 학습의 효과를 극대화할 수 있는 메타인지 이론을 스마트 학습으로 시스템화했다. 김태진 비상교육 러닝 컴퍼니 대표(사진)는 ""변함없는 혁신으로 끊임없이 공부에 대한 본질과 아이들의 성장을 고민해온 결과 완전한 자기주도적 학습 능력을 키울 수 있는 온리원을 선보일 수 있게 됐다""면서 ""온리원이 스마트 학습의 새로운 기준이 될 것""이라고 말했다. 비상교육은 기존 학습의 한계를 뛰어넘기 위해서는 메타인지 학습 이론을 시스템화하는 것이 중요하다고 판단하고, 2020년부터 본격적으로 메타인지 스마트 학습 시스템 개발에 착수했다. 개발 과정에서 메타인지를 기반으로 학습자 스스로 취약점을 찾는 모니터링과 부족한 부분을 보완해 온전히 자신의 것으로 만드는 컨트롤 과정이 순차적으로 이뤄질 수 있도록 하는 데 중점을 뒀다. 이 같은 과정을 통해 세상에 나오게 된 온리원은 업계 최초 스마트 디바이스를 기반으로 메타인지 학습을 시스템화한 서비스를 제공한다. 기존에 없던 단 한 명만을 위한 개별맞춤 코칭 서비스를 개발한 것은 물론, 학생 스스로 알고 모르는 것을 구분할 줄 아는 메타인지 능력을 향상할 수 있는 콘텐츠를 탑재해 학습 효율성을 한층 끌어올렸다. 온리원의 메타인지 학습 시스템 프로세스는 3단계로 나뉜다. 첫 번째는 스스로 아는 것과 모르는 것에 대해 돌아보는 것이다. 이어 이 같은 결과를 토대로 모르는 내용만 선택적으로 집중 학습하는 단계다. 마지막으로 앞선 과정을 거치며 공부한 내용을 완벽하게 이해하고 최종적으로 확인하는 것으로 학습이 완성된다. 온리원은 학습 관리에 있어서도 메타인지 학습 시스템과 궤를 같이하고 있다. 온리원은 강의 수강 여부와 출석률, 진도율 등을 따지는 게 아니라 배운 걸 알고 있는지를 시작으로 부족한 부분을 스스로 깨닫고 있는 지와 이를 어떻게 보완해 나가야 할지를 함께 고민한다. 개발을 이끈 김원태 비상교육 메타학습연구소 선임연구원은 ""온리원의 메타인지 학습 프로세스는 학습 위치를 진단하는 것을 시작으로 계획을 짜고 부족한 부분을 채운 뒤 마지막 피드백을 통해 공부를 완성할 수 있도록 하는 데 목적을 두고 있다""면서 ""이러한 과정을 통해 공부한 내용을 완벽하게 자신의 것으로 만들 수 있도록 콘텐츠를 설계했다""고 설명했다. 비상교육은 메타인지 학습 이론을 온리원에 구현하기 위해 AI(인공지능)를 중심으로 몰입형 인터랙션 콘텐츠, 음성을 시각화한 기술, 애니메이션 등을 활용한 학습 콘텐츠를 개발했다. 온리원은 학습 태도와 학습 과정, 학습 결과까지 확인할 수 있는 1:1 맞춤형 학습 시스템을 갖췄다. 안심케어 솔루션인 AI 몰리는 시선추적 솔루션을 적용해 학습 몰입감을 한층 높였다. 인공지능(AI) 맞춤 리포트를 통해서는 학습 전 과정을 모니터링할 수 있는 기능을 제공한다. 이 같은 서비스를 통해 아이의 학습 과정을 학부모가 직접 확인할 수 있는 셈이다. AI 캠프는 AI를 활용한 맞춤형 코스웨어를 제공하는 것이 특징이다. 온리원은 학생 개개인 맞춤형 분석 결과를 토대로 과목·단원별 3단계 집중 코스를 제시한다. 이를 통해 학습자의 학습 수준과 성향, 성취도, 관심도, 속도 등의 분석 결과를 바탕으로 오프라인보다 체계적인 맞춤형 학습 환경을 선사한다. 온리원은 유아부터 초등, 중등을 모두 아우르는 폭넓은 라인업을 자랑한다. 이 같은 라인업 확장은 유아부터 중학교까지 자기주도적 학습 능력을 지속해서 기르고 끊임없이 발휘할 수 있도록 하는 데 목적이 있다. 학습자는 온리원을 통해 유아부터 초등, 중등까지 학년·과목·수준별 맞춤 학습을 할 수 있다. 온리원의 시작점인 온리원 키즈는 공부하는 힘과 문제해결력, 학습 기초체력을 길러주는 데 방점이 찍혀 있다. 온리원 키즈로 배우는 즐거움을 느낄 수 있으며, 올바른 학습 습관을 형성할 수 있다. '마음챙김' 서비스를 통해서는 아이의 심리를 진단하고, 진단 결과를 바탕으로 정서를 케어할 수 있다. 온리원 초등은 교과서 어휘와 용어, 기초 개념을 익혀 공부 기본기를 탄탄하게 다질 수 있도록 한 것이 특징이다. 교과서 속 어휘와 용어를 통해 기초 개념을 익힐 수 있는 '메타카드'와 과목별로 메타인지 학습 전략을 수립한 후 공부할 수 있는 '메타인지 플러스'가 대표적이다. 영어 단어와 연산을 게임을 하면서 재미있게 학습할 수 있도록 퀴즈몬스터도 탑재했다. 온리원 중등에는 개념과 강의, 문항, 디지털 콘텐츠, 노트 등 중등 학습에 필요한 모든 기능이 담겼다. 세로 형태의 판형이 익숙한 중학생의 관점을 고려해 태블릿에서도 세로 형태로 학습할 수 있도록 했다. 학습 과정에서 놓치지 말아야 하는 내용에 대해서는 가이드 멘트가 재생되는가 하면, 언제든 쓰고 다시 꺼내어 볼 수 있도록 디지털 노트 기능도 제공한다. 김원태 선임연구원은 ""많은 학생이 온리원을 통해 완전한 자기주도적 학습 능력을 기를 수 있도록 연구·개발을 지속해서 추진할 계획""이라면서 ""완전한 스마트 학습 브랜드로 자리매김할 수 있도록 혁신을 이어가겠다""고 말했다.","경제",0,"[]"
"아시아경제","2022-11-01","비상교육, 메타인지 기반 스마트 학습시스템 '온리원' 공개","교과서 속 어휘와 용어를 통해 기초 개념을 익힐 수 있는 '메타카드'와 과목별로 메타인지 학습 전략을 수립한 후 공부할 수 있는 '메타인지 플러스'가 대표적이다. 영어 단어와 연산을 게임을 하면서 재미있게 학습할 수 있도록 퀴즈몬스터도 탑재했다. 온리원 중등에는 개념과 강의, 문항, 디지털 콘텐츠, 노트...","https://view.asiae.co.kr/article/2022110108564114544","https://n.news.naver.com/mnews/article/277/0005170530?sid=101","최동현 기자","2022-11-01 11:14:44","2022-11-01 11:15:02","김태진 비상교육 러닝컴퍼니 대표가 1일 서울 여의도 글래드 호텔에서 열린 기자간담회에서 메타인지 기반 스마트 학습 시스템 '온리원'에 대해 설명하고 있다. 비상교육이 1일 서울 여의도 글래드호텔에서 기자간담회를 열고 메타인지 기반의 스마트 학습 시스템 '온리원'(OnlyOne)을 공개했다. 메타인지는 학생 스스로 자신이 무엇을 알고 모르는지 판단하는 자기성찰 능력을 말한다. 비상교육이 선보인 온리원은 메타인지를 기반으로 완전한 자기주도적 학습 능력을 발휘할 수 있도록 구현한 스마트 학습 시스템이다. 유아부터 중등까지 이어지는 폭넓은 라인업을 갖췄다. 학습자 관점에서 배움의 즐거움을 느끼고 학습의 효과를 극대화할 수 있는 메타인지 이론을 스마트 학습으로 시스템화했다. 비상교육은 기존 학습의 한계를 뛰어넘기 위해서는 메타인지 학습 이론을 시스템화하는 것이 중요하다고 판단하고 2020년부터 시스템 개발에 착수했다. 개발 과정에서 메타인지를 기반으로 학습자 스스로 취약점을 찾는 모니터링과 부족한 부분을 보완해 온전히 자신의 것으로 만드는 컨트롤 과정이 순차적으로 이뤄질 수 있도록 하는 데 중점을 뒀다. 이 같은 과정을 통해 개발된 온리원은 업계 최초 스마트 디바이스를 기반으로 메타인지 학습을 시스템화한 서비스를 제공한다. 단 한 명만을 위한 개별맞춤 코칭 서비스를 개발한 것은 물론 학생 스스로 알고 모르는 것을 구분할 줄 아는 메타인지 능력을 향상할 수 있는 콘텐츠를 탑재해 학습 효율성을 끌어올렸다. 온리원의 메타인지 학습 시스템 프로세스는 3단계로 나뉜다. 첫 번째는 스스로 아는 것과 모르는 것에 대해 돌아보는 것이다. 이어 이 같은 결과를 토대로 모르는 내용만 선택적으로 집중 학습하는 단계다. 마지막으로 앞선 과정을 거치며 공부한 내용을 완벽하게 이해하고 최종적으로 확인하는 것으로 학습이 완성된다. 온리원은 학습 관리에 있어서도 메타인지 학습 시스템과 궤를 같이하고 있다. 온리원은 강의 수강 여부와 출석률, 진도율 등을 따지는 게 아니라 배운 걸 알고 있는지를 시작으로 부족한 부분을 스스로 깨닫고 있는지와 이를 어떻게 보완해 나가야 할지를 함께 고민한다. 개발을 이끈 김원태 비상교육 메타학습연구소 선임연구원은 ""온리원의 메타인지 학습 프로세스는 학습 위치를 진단하는 것을 시작으로 계획을 짜고 부족한 부분을 채운 뒤 마지막 피드백을 통해 공부를 완성할 수 있도록 하는 데 목적을 두고 있다""며 ""이 과정을 통해 공부한 내용을 완벽하게 자신의 것으로 만들 수 있도록 콘텐츠를 설계했다""고 설명했다. 비상교육은 메타인지 학습 이론을 온리원에 구현하기 위해 인공지능(AI)를 중심으로 몰입형 인터랙션 콘텐츠, 음성을 시각화한 기술, 애니메이션 등을 활용한 학습 콘텐츠를 개발했다. 비상교육이 1일 공개한 메타인지 기반 스마트 학습 시스템 '온리원'(OnlyOne). 온리원은 학습 태도와 학습 과정, 학습 결과까지 확인할 수 있는 1대 1 맞춤형 학습 시스템을 갖췄다. 안심케어 솔루션인 AI 몰리는 시선추적 솔루션을 적용해 학습 몰입감을 높였다. AI 맞춤 리포트를 통해서는 학습 전 과정을 모니터링할 수 있는 기능을 제공한다. 이같은 서비스를 통해 아이의 학습 과정을 학부모가 직접 확인할 수 있는 셈이다. AI 캠프는 AI를 활용한 맞춤형 코스웨어를 제공하는 것이 특징이다. 온리원은 학생 개개인 맞춤형 분석 결과를 토대로 과목·단원별 3단계 집중 코스를 제시한다. 이를 통해 학습자의 학습 수준과 성향, 성취도, 관심도, 속도 등의 분석 결과를 바탕으로 오프라인보다 체계적인 맞춤형 학습 환경을 선사한다. 온리원은 유아부터 초등, 중등을 모두 아우르는 라인업을 갖췄다. 이 같은 라인업 확장은 유아부터 중학교까지 자기주도적 학습 능력을 지속해서 기르고 끊임없이 발휘할 수 있도록 하는 데 목적이 있다. 학습자는 온리원을 통해 유아부터 초등, 중등까지 학년·과목·수준별 맞춤 학습을 할수있다. 온리원의 시작점인 온리원 키즈는 공부하는 힘과 문제해결력, 학습 기초체력을 길러주는 데 방점이 찍혀있다. 온리원 키즈로 배우는 즐거움을 느낄 수 있으며, 올바른 학습 습관을 형성할 수 있다. '마음챙김' 서비스를 통해서는 아이의 심리를 진단하고 진단 결과를 바탕으로 정서를 케어할 수 있다. 온리원 초등은 교과서 어휘와 용어, 기초 개념을 익혀 공부 기본기를 탄탄하게 다질 수 있도록 한 것이 특징이다. 교과서 속 어휘와 용어를 통해 기초 개념을 익힐 수 있는 '메타카드'와 과목별로 메타인지 학습 전략을 수립한 후 공부할 수 있는 '메타인지 플러스'가 대표적이다. 영어 단어와 연산을 게임을 하면서 재미있게 학습할 수 있도록 퀴즈몬스터도 탑재했다. 온리원 중등에는 개념과 강의, 문항, 디지털 콘텐츠, 노트 등 중등 학습에 필요한 모든 기능이 담겼다. 세로 형태의 판형이 익숙한 중학생의 관점을 고려해 태블릿에서도 세로 형태로 학습할 수 있도록 했다. 학습 과정에서 놓치지 말아야 하는 내용에 대해서는 가이드 멘트가 재생되는가 하면, 언제든 쓰고 다시 꺼내어 볼 수 있도록 디지털 노트 기능도 제공한다. 김 연구원은 “많은 학생이 온리원을 통해 완전한 자기주도적 학습 능력을 기를 수 있도록 연구·개발을 지속해서 추진할 계획""이라며 ""완전한 스마트 학습 브랜드로 자리매김할 수 있도록 혁신을 이어가겠다""고 말했다.","경제",0,"[]"
"오마이뉴스","2022-11-08","제12대 충남도의회 '첫 행정사무감사 돌입'","역사 교과서에 6·25전쟁을 기술하면서 '북한의 남침'과 자유민주주의에서 '자유'라는 단어를 삭제했다""라며 ""또 2026년부터 초등학교 5·6학년이 배울... 성공적인 디지털 전환을 위해서는 ICT 관련 조직을 재구성해야 한다고 주장했다. 조철기 의원(아산4·더불어민주당)은 집행부와 도의회 간의 실효성 있는...","http://www.ohmynews.com/NWS_Web/View/at_pg.aspx?CNTN_CD=A0002879047&CMPT_CD=P0010&utm_source=naver&utm_medium=newsearch&utm_campaign=naver_news","https://n.news.naver.com/mnews/article/047/0002372166?sid=100","국강호","2022-11-08 13:29:01","2022-11-09 17:26:01","▲ 충남도의회 제341회 정례회 1차 본회의가 7일 본회의장에서 진행되고 있다. ⓒ 국강호 ▲ 조길연 의장이 제341회 정례회 개회사를 하고 있다. ⓒ 국강호 충남도의회 제341회 정례회 1차 본회의가 지난 7일 조길연 의장(부여2, 국민의힘)의 개회선언으로 본회의장에서 열렸다. 이날 도의회는 2023년도 충청남도 예산안과 2023년도 충청남도 교육비특별회계 예산안 제안 설명을 청취하고, 충청남도 홍성의료원장 후보자 인사청문특별위원회 구성 결의안을 의결했다. 도의회는 제341회 정례회 기간인 지난 11월 7일부터 다음 달(12월) 16일까지 40일 동안 행정사무감사와 2023년도 예산안, 각종 조례안 등을 심의한다. 먼저 오늘(8일)부터 21일까지(14일간) 충남도와 충남도교육청, 직속기관 등 91개 기관을 대상으로 제12대 의회 첫 행정사무감사를 진행한다. 행정사무감사 이후 진행되는 도정 및 교육행정 질문은 29일부터 30일까지 이틀간 연다. 12월 1일부터는 충남도와 도교육청의 2023년도 본예산안 및 2022년도 제3회 추가경정예산안, 각종 조례안 등을 심의하고, 이번 정례회 마지막 날인 다음 달 16일 본회의를 열어 상정된 안건을 최종 표결할 계획이다. 조길연 의장(부여2, 국민의힘)은 개회사에서 먼저 ""지난달 이태원 사고로 유명을 달리하신 분들을 마음 깊이 애도하며, 슬픔을 함께 나누고 계신 모든 분들께 위로를 건넵니다. 이루 말할 수 없는 참담함과 안타까움 속에서, 도민의 평범한 일상 속 안전의 중요성에 대해 다시 생각해 봅니다""라며 ""모든 일에 앞서 안전이 최우선적으로 보장될 수 있도록 우리 사회의 구조를 꼼꼼히 살피고 지적된 문제점에 대해서는 조속히 개선해 나가는데 함께 노력하자""고 말했다. 조 의장은 ""제12대 충청남도의회는 '도민중심 행동하는 의회'라는 의정비전 아래 비회기 기간에도 각종 토론회와 현장방문 등을 진행하며 지역의 다양한 현안에 대한 대안을 마련하기 위해 힘써왔다""라고 밝혔다. 이어 ""이번 정례회에서는 2023년도 예산안에 대한 심의와 행정사무감사가 예정되어 있다. 도에서는 경제위기 극복, 성장동력 확보에 중점을 두고 2023년도 예산안을 편성한 것으로 알고 있다""면서 ""도의회에서는 민생과 지역경제를 살리기 위해 책임감을 갖고 이에 관해 심의하겠다""고 약속했다. ▲ 김태흠 충남지사가 제1차 본회의에서 2023년도 충청남도 예산안 제안설명을 하고 있다. ⓒ 국강호 김태흠 지사(국민의힘)는 2023년도 충청남도 예산안 제안설명을 통해 ""과거 충남은 대한민국의 중심이 아닌 변방에 가까웠다. 도정도 밋밋하고 당당하지도 못했으며 역동성이 부족했었다""라며 ""앞으로는 국가의 책임을 묻고 대안을 당당히 요구하여 그 성과물을 얻어낼 것""이라고 밝혔다. 그러면서 ""지난 4개월은 이러한 충남의 새 역사를 쓰기 위해 밑그림을 그리고, 중장기 비전을 준비하는 과정이었다. 도정의 비효율을 제거하고 정책과 예산, 조직과 인력을 실효성 있게 재편해 왔다""라고 평가했다. 그는 ""2023년도 예산안은 올해보다 5.4% 증가한 9조8907억 원으로 편성했다. 일반회계 8조2045억 원, 특별회계 9598억 원, 기금 7264억 원""이라며 ""하지만 일반회계 기준으로 우리 도가 자율적으로 쓸 수 있는 재원은 9000억 원 규모에 불과하다""고 설명했다. 이어 ""충남의 발전을 위한 구조와 시스템 구축에 재원을 집중 투자하는 것이 무엇보다 중요하다""라면서 ""중복 지원되는 현금성 사업과 효과성이 떨어지는 사업들에 대해서는 과감히 구조조정하여 각 분야의 성장을 촉진하는 사업으로 전격 전환했기 때문에, 도정의 역점사업 139건에 대해서는 5876억 원으로 대폭 확대했다""며 220만 도민의 하나된 힘으로 충남의 새로운 역사를 힘차게 만들어 나가겠다고 강조했다. ▲ 김지철 교육감이 2023년도 충청남도 교육비특별회계 예산안 제안설명을 하고 있다. ⓒ 국강호 김지철 교육감(진보)은 2023년도 충청남도 교육비특별회계 예산안 제안설명을 통해 ""충남교육청은 지난 1차와 2차 추가경정예산으로 코로나19 대유행에 따른 기초학력 회복과 일상회복을 위한 학교 안정화를 위해 최선을 다해 왔다""며 ""학교는 물론 교육청과 지자체, 지역사회의 모든 구성원이 함께 교육정상화를 위해 애써주셨다""고 말했다. 이어 ""2023년도 교육청의 예산 규모는 올해 본예산보다 16.8% 증가한 총 4조9442억 원이다. 이 예산안은 일상적인 교육을 넘어 미래교육을 위한 시대적 요구를 반영했다""면서 질 높고 평등한 교육기회 보장을 위한 공교육 강화, 인공지능(AI) 기반 미래교육 환경 구축, 지속가능한 교육 생태환경 조성 등을 이에 관한 예로 들면서 심도 있는 논의와 숙의를 거듭한 끝에 편성했다고 밝혔다. ▲ 지민규 의원이 ‘충남 청년센터’ 신설 촉구와 관련하여 5분발언을 하고 있다. ⓒ 국강호 이번 본회의에서는 지민규, 방한일, 김선태, 김응규, 박정수, 조철기 의원이 5분발언을 했다. 먼저 지민규 의원(아산6, 국민의힘)은 ""'청년센터'는 공공기관과 청년을 연결하는 중간지원조직 역할을 하는 기관으로 17개 광역 시·도 중 충남을 포함하여 단 2곳의 지역에만 광역 청년센터가 없는 상황""이라며 ""그리고 논산, 서천, 홍성, 예산은 아직도 청년센터가 없고, 지자체의 청년담당 부서도 턱없이 부족한 상황""이라고 지적했다. 그러면서 충남의 청년들이 미래를 설계하고 도약할 수 있는 기회를 마련하기 위해 ▲'청년센터'와 이와 관련한 청년공간을 신설할 것 ▲청년정책 전담부서를 확대하고 인력도 충원할 것을 역설했다. 방한일 의원(예산1, 국민의힘)은 ""지난 8월 30일 교육부가 공개한 2022년 개정 교육과정 시안을 보면, 2025년부터 중·고등 학생들이 공부하게 될 역사 교과서에 6·25전쟁을 기술하면서 '북한의 남침'과 자유민주주의에서 '자유'라는 단어를 삭제했다""라며 ""또 2026년부터 초등학교 5·6학년이 배울 사회과 교육과정 시안에서도 '대한민국 수립'에 관한 내용이 사라졌다""고 설명했다. 이어 ""학생들이 올바른 역사관을 갖는 것은 매우 중요하다""면서 ""충남교육청은 개정되는 교육과정 시안을 폐기하고 역사 교과서를 새로 만들 수 있도록 교육부에 적극 건의해 달라""고 당부했다. ▲ 김선태 의원이 ‘버스정류장 지붕에 꿀벌 서식지 조성하자’란 주제의 5분발언을 하고 있다. ⓒ 국강호 계속해서 김선태 의원(천안10, 더불어민주당)은 ""유엔 식량농업기구에 따르면, 100대 농산물의 71%가 꿀벌 수정에 의한 것으로 꿀벌은 과일, 채소 등 작물의 수분을 돕고 생태계 유지에 중요한 역할을 한다. 그런데 지구촌 야생벌 2만여 종 가운에 8000여 종이 멸종위기에 처해 있고, 전 세계 꿀벌 개체 수는 계속하여 감소하고 있다""라며 ""우리나라도 지난 겨울 70억 마리의 꿀벌이 실종되는 사태가 발생했다. 이러한 '군집붕괴현상'은 도시화와 대기오염, 기후변화, 그리고 과도한 살충제 사용 등의 복합적 영향으로 인한 것""이라고 지적했다. 이어 ""버스정류장 지붕 위 정원 만들기는 네덜란드, 영국 등 유럽에서 시행하고 있고, 이는 꿀벌 개체 수를 유지하는 데 도움이 됐다는 평가를 받고 있다""면서 ""충청남도가 시내버스 정류장 지붕에 정원을 조성해 꿀벌생태계를 살리는 데 앞장서자""고 제안했다. 이밖에도 김응규 의원(아산2·국민의힘)은 외국인주민 자녀의 누리과정 학비 지원 여부가 교육기관에 따라 다르다고 지적하며 이에 관한 개선을 촉구했다. 박정수 의원(천안9·국민의힘)은 충남은 ICT(정보통신기술) 관련 업무가 각기 다른 부서 단위로 분산돼 있어 각 영역 간에 시너지 효과를 만들 수 없고 기능의 비효율성을 야기하고 있다며 4차 산업혁명의 시대에서 성공적인 디지털 전환을 위해서는 ICT 관련 조직을 재구성해야 한다고 주장했다. 조철기 의원(아산4·더불어민주당)은 집행부와 도의회 간의 실효성 있는 예산정책협의회 운영방안을 제안하고 집행부가 지속적으로 사립유치원 유아교육비를 지원할 것을 촉구했다. ▲ 예산 삽교고등학교 2학년 ‘정치와 법’ 수강생들이 배성웅 선생님과 함께 제341회 정례회 1차 본회의를 방청하고 있다. ⓒ 국강호 덧붙이는 글 | 이 기사는 충남포스트에도 실립니다.","정치",0,"[]"
"뉴시스","2022-11-02","가덕산 풍력사업 투자대상 확대…유한킴벌리 나눔캠페인[중기소식]","물류산업의 디지털화를 촉진하고 물류산업발전에 공헌한 공로를 인정받았다. ▲태성에스엔이는 지난달 28일 천재교과서 밀크T 회원 대상으로 코딩... ▲인공지능(AI) 기업 마크비전은 지난 1일 서울 강남구 섬유센터에서 글로벌 브랜드 위한 전략 콘퍼런스 '비욘드(BEYOND) 2022'를 열었다. '디지털 시대의 K 패션...","http://www.newsis.com/view/?id=NISX20221102_0002071308&cID=13001&pID=13000","https://n.news.naver.com/mnews/article/003/0011513635?sid=101","배민욱 기자","2022-11-02 16:12:32","2022-11-02 16:13:06","[서울=뉴시스] 가덕산 1단계 풍력발전 단지. (사진=루트에너지 제공) 2022.11.02. photo@newsis.com [서울=뉴시스] 배민욱 기자 = 2일 중소기업계 소식. ▲루트에너지는 가덕산 2단계 주민참여 펀드에 투자 대상을 확대해 모집한다. 대상자는 지난 1일부터 소득적격 투자자를 시작으로 법인과 전문투자자로 확대된다. 모집은 25일까지다. 상품별 최대 투자한도는 소득적격 4000만원, 법인과 전문투자자의 경우 상품별 모집금액의 40%인 8억원이다. 2개의 펀드상품에 각각 투자가 가능하다. 투자자들은 최대 20년간 연 11%(세전) 수익을 분기별로 지급받는다. ▲유한킴벌리는 연말을 앞두고 기초 생계가 어려운 시니어를 돕기 위한 나눔 캠페인을 16일까지 진행한다. 이번 나눔 캠페인은 사원과 소비자, 기업이 모두 함께할 수 있다. 네이버 해피빈을 통해 진행된다. 시니어 나눔 캠페인에 참여하는 사원들은 11월 급여의 1%를 매해 나누고 있다. 소비자도 4만2633명이 동참했다. 조성된 성금은 한국의료지원재단과 네이버 해피빈과의 협력을 통해 디펜드 등의 물품기부와 시니어 자립 등을 돕는데 사용되고 있다. ▲중고차 플랫폼 '헤이딜러'가 딜러에게 건강검진을 제공하는 '딜러케어'의 신청자가 1200명을 돌파했다. 딜러케어는 전국 44개 병원에서 위 내시경 등의 검진을 딜러들이 무료로 받을 수 있는 복지 프로그램이다. 검진 비용 20만원 상당을 딜러가 부담하지 않는다. 전액 헤이딜러가 부담하고 있는 것이 특징이다. ▲채용 플랫폼 G-P는 신규 기능을 출시하고 서비스 개선사항을 발표했다. G-P는 업계 최초로 플랫폼 상에서 자동으로 고용 계약을 생성하는 '고용 계약 생성기' 서비스를 출시했다. 하이밥 등 주요 HR(인적자원)·급여 플랫폼과의 통합으로 고객경험을 향상시켰다. 검색기능 강화, 워크플로우 간소화, 플랫폼 내 챗봇 도입 등 사용자 인터페이스도 개선했다. ▲사운드캣은 '포커스라이트'의 스트리밍 방송용 오디오 인터페이스 '보캐스터'를 출시했다. 보캐스터는 방송 사운드를 쉽게 구현할 수 있는 팟캐스트, 스트리밍, 영상촬영을 위한 전문 오디오 인터페이스다. 수준급 음질의 퀄리티와 다양한 마이크의 충분한 볼륨값을 제공한다. 손쉬운 사용법으로 쉽고 완성도 높은 콘텐츠를 만들 수 있다. ▲오픈소스컨설팅은 우수 인재 채용을 통해 사업 확대와 기술 서비스 강화에 나선다. 이들은 내년까지 두 자릿수 규모의 인력을 채용한다. 분야는 프로젝트 매니저·리더(PM·PL), 프론트엔드·백엔드 개발자, 리눅스·미들웨어 엔지니어, 퍼블릭 클라우드 엔지니어, 쿠버네티스·오픈스택 엔지니어, UI·UX(사용자환경·경함) 기획자, 아틀라시안 지라·컨플루언스 개발자와 엔지니어, 영업, 마케팅 등 모든 직군이다. 추천받은 인재가 입사할 시 추천인은 최대 700만원까지 보상금을 받는다. ▲로코코소파는 SK스토아 쇼핑몰에 신규 입점해 출시 이벤트를 연다. 오슬로, 르엘 소파의 경우 20~30% 할인된 금액과 통가죽으로 무료로 업그레이드 해준다. 후기 작성시 금액대별로 패브릭 쿠션, 접이식 원목 좌탁, 매거진랙 등을 사은품으로 증정한다. 네이버쇼핑몰에서는 듀로어 4인 천연가죽소파를 50조 한정수량으로 36% 할인 판매된다. [서울=뉴시스] 소비자와 함께하는 유한킴벌리 굿액션 활동. (사진=유한킴벌리 제공) 2022.11.02. photo@newsis.com ▲펫박스는 5일까지 최대 84% 할인 프로모션을 진행한다. 빅츄 꼬불이 치즈 양고기 900g을 대상으로 하나를 사면 하나를 추가 증정하는 네이버 원쁠딜 이벤트다. 행사 상품은 무료배송, 소식 알림 5% 쿠폰, 사은품 지급이 중복으로 적용된다. 빅츄 브랜드의 전 상품을 84% 할인가에 구매할 수 있다. 대상 품목은 빅츄 연어·치킨·오리 져키 1㎏ ,빅츄 꼬불이 치즈 오리, 빅츄 조인트 츄르 10gx10개입이다. ▲제이앤피메디와 글로벌 임상 파트너 LSK Global PS는 지난달 26일 국내 최초 임상시험 문서 작성·관리 솔루션 메이븐 독스(Maven Docs) 사용 계약을 체결했다. 메이븐 독스는 임상시험계획서, 증례기록서, 임상시험설명서, 동의서 등 다양한 임상시험 문서 작성을 표준화하고 데이터 연계를 통해 간소한 문서관리를 지원한다. ▲윌로그는 지난 1일 서울 중구 대한상공회의소 국제회의장에서 열린 '제30회 물류의 날' 기념행사의 한국물류대상 시상식에서 국토교통부 장관 표창을 수상했다. 한국물류대상은 국내 물류산업 발전에 공헌하고 경제발전에 기여한 기업을 시상하고 우수 사례를 발굴하기 위해 마련됐다. 윌로그는 고도화된 콜드체인 모니터링 솔루션을 통해 국내 물류산업의 디지털화를 촉진하고 물류산업발전에 공헌한 공로를 인정받았다. ▲태성에스엔이는 지난달 28일 천재교과서 밀크T 회원 대상으로 코딩 실습 환경 구축을 위해 천재교과서 밀크T와 버추얼클래스(Virtual Class) 공급계약을 체결했다. 버추얼클래스는 강사가 수강생의 실습 화면을 모니터링하면서 실시간 원격·양방향 수업이 가능하다. ▲인공지능(AI) 기업 마크비전은 지난 1일 서울 강남구 섬유센터에서 글로벌 브랜드 위한 전략 콘퍼런스 '비욘드(BEYOND) 2022'를 열었다. '디지털 시대의 K 패션, 온라인 브랜드 전략'이란 주제로 진행됐다. 마크비전코리아 이도경 대표의 인사말을 시작으로 브랜드 운영에 관한 4가지 주제의 전문가 초청 강연 등이 이어졌다.","경제",0,"[]"
"머니S","2022-11-08","[ 씨엔티테크 육성·투자 스타트업 단신 ] 다비다 · 플랙스","EDINUN은 올해 39년 된 회사로 에콰도르에서 교과서, 청소년 문학도서 등 출판 뿐만 아니라 전자책, 교육 플랫폼 등 에듀테크 분야 첨단 기술을 도입하여... 디지로그 (디지털 + 아날로그) 제품인 '지니펜'과 올인원 교육용 로봇인 '지니봇' 그리고 가상현실을 만들고 체험할 수 있는 VR 콘텐츠 저작용 솔루션...","http://moneys.mt.co.kr/news/mwView.php?no=2022110314354973397","https://n.news.naver.com/mnews/article/417/0000867482?sid=101","강동완 기자 (enterfn@mt.co.kr)","2022-11-08 18:03:00","2022-11-08 18:05:01","IBK기업은행의 창업육성 플랫폼 'IBK창공(創工) 구로' 육성기업으로 TIPS 운영사이기도 한 액셀러레이터 씨엔티테크㈜(대표 전화성, CNT테크)가 함께 육성을 맡았던 스타트업 기업 단신모음이다. ◆ 에듀테크 다비다, 에콰도르 EDINUN과 '지니봇' 독점 계약 체결 에듀테크 스타트업 ㈜다비다(대표 이은승)가 에콰도르 출판 및 교육기업 EDINUN과 에콰도르, 페루, 파나마, 코스타리카, 콜롬비아에 '지니봇' 독점 계약을 체결했다. 올해 1월 미국 라스베이거스 CES 전시회에서 처음 만난 이후, 이은승 대표가 4월에 에콰도르에 방문해 교육부 및 초,중등학교에 100만불 제품공급 MOU체결 이후 본격적인 사업 추진의 성과다. EDINUN은 올해 39년 된 회사로 에콰도르에서 교과서, 청소년 문학도서 등 출판 뿐만 아니라 전자책, 교육 플랫폼 등 에듀테크 분야 첨단 기술을 도입하여 다양한 교육 서비스를 제공하고 있다. [좌: 다비다 이은승 대표, 우: EDINUN CEO Vicente Velasquez / 사진.다비다 제공] 다비다는 2019년 '팁스'에 선정된 에듀테크 스타트업으로써 LIMS 엔진을 사용한 비대면 양방향 화상 솔루션 기반 교육 플랫폼인 '지니클래스', 이와 연동되는 디지로그 (디지털 + 아날로그) 제품인 '지니펜'과 올인원 교육용 로봇인 '지니봇' 그리고 가상현실을 만들고 체험할 수 있는 VR 콘텐츠 저작용 솔루션 지니VRWARE를 출시하여 글로벌 경쟁력을 한층 강화했다. 또한, 다비다가 최근 경기도경제과학진흥원 지원을 통해 개발한 미아방지용 디바이스인 '지니태그' 샘플을 EDINUN에 제공해 에콰도르 교육 현장에서 테스트하기로 했다. 지니태그는 블루투스 스타네트워크와 라디오 비콘 기술을 이용하여 인솔자를 기점으로 지정한 거리를 벗어나면 경고 메시지 및 알람이 울려 미아 방지가 가능하며, 유치원, 학교, 야외 소풍 및 테마 파크 등에서 유용하다. 이은승 다비다 대표는 ""지난 코로나 시기에도 꾸준히 해외 사업을 진행한 결과가 하나씩 나오고 있다며, 사업 포트폴리오를 다각화하면서 3년차 스타트업이지만 해외 파트너 확보와 시장 공략에 박차를 가하며 글로벌 에듀테크 기업으로 성장할 수 있도록 노력하겠다""고 전했다. ◆ 영유아 멘탈케어 키즈다이어리, 심리치유 교구/교재 라이선스 체결 감정데이터 기반 AI 멘탈케어 벤처기업 ㈜플랙스(대표 윤순일)가 '키즈다이어리' 캐릭터 5종에 대해 어린이 화장품 전문브랜드 ㈜엔비베베(대표 박미성)와 정식 라이선스 계약을 체결하고 신제품을 출시했다. 이번 콜라보 제품은 키즈다이어리(Kids Diary) 캐릭터를 활용하여 어린이 매니큐어 만들기 세트, 페이스페인팅 만들기 세트를 제작했다. 각 만들기 세트는 연약하고 민감한 어린이 피부나 손톱에도 사용할 수 있는 저자극 성분으로만 제작되었으며, 쉽고 간단하게 즐길 수 있도록 도안, 활용가이드 등으로 구성되어 있다. 키즈다이어리는 감정 표현과 한글 독해력이 미숙한 만 4~6세 자녀를 위한 AI 심리분석 앱 서비스로 자녀의 영상일기에서 감정 데이터를 추출하고 심리와 감정분석 결과에 따라 비대면 심리상담 및 인성교육 서비스를 제공하는 영유아 앱이다. 자녀는 캐릭터와 함께 영상일기를 작성하고 답장을 주고 받을 수 있으며, 캐릭터는 아이들에게 친숙한 동물들로 강아지, 고양이, 팬더 등 5종으로 구성되어 있다. 올해 초 사용자 만족도 조사를 통해 주 사용자인 영유아 선호도에 맞게 더 선명하고 귀엽게 업그레이드 되었다. 임혜선 플랙스 총괄이사는 ""이번 제작된 만들기세트는 가정이나 어린이집, 유치원에서 집중력, 소근육 발달, 미술교재로 활용할 수 있어 출시 후 좋은 반응을 얻고 있으며, 추가로 선크림, 쿨패치도 제작에 들어갔으니, 곧 만나볼 수 있다""고 말했다. 이어 ""다양한 상품을 기획 중에 있으며, 키즈다이어리가 시니어 멘탈 헬스케어 서비스로 확대됨에 따라 라이프 스타일 전 영역으로 상품군을 확대해나갈 예정이다.""라고 전했다.","경제",0,"[]"
"아시아경제","2022-11-03","교육업계에 '자기주도학습' 바람 분다","이 과정에서 인공지능(AI)에 기반한 몰입형 인터랙션 콘텐츠, 음성을 시각화한 기술, 애니메이션 콘텐츠 등이 제공된다. 비상교육은 온리원을 선보이면서... 디지털 콘텐츠와 진화된 기술력을 통해 교육의 본질에 대한 답을 제시할 수 있는 서비스를 개발할 것""이라고 밝혔다. 천재교육의 자회사 천재교과서도...","https://view.asiae.co.kr/article/2022110210242899416","https://n.news.naver.com/mnews/article/277/0005171525?sid=101","최동현 기자","2022-11-03 06:30:00","2022-11-03 06:36:01","에듀테크업체 아이스크림에듀가 지난달 25일 서울 강남구 소재 최인아책방에서 ‘아이스크림 홈런 2.0’을 소개하고 교육 철학에 대해 공유하는 시간을 가졌다. 교육업계에 최근 ‘자기주도학습’ 관련 콘텐츠를 새롭게 선보이는 사례가 늘고 있다. 교육업체들은 에듀테크로 수집한 빅데이터를 활용해 개인 맞춤별 수업을 제공하거나 공부 습관을 길러주는 콘텐츠를 잇달아 선보이며 시장 공략에 박차를 가하고 있다. 자기주도학습은 아이 스스로 자신에게 잘 맞는 공부법, 자신의 공부 수준, 잘하는 분야와 약한 분야 등을 파악해 이를 채워가는 과정이다. 학계에서는 자기주도학습을 위해서는 동기 조절, 인지 조절, 행동 조절이라는 3가지 요소가 갖춰져야 한다고 강조한다. 동기 조절은 꿈이나 진로 등을 명확히 설정해 공부하는 동기를 부여하는 것이다. 인지 조절은 자신에게 최적화된 공부법을 찾는 행위다. 행동 조절은 자신의 공부 체력에 맞게 공부 습관을 형성하는 것을 뜻한다. 비상교육이 전날 론칭한 스마트 학습 시스템 ‘온리원’(OnlyOne)은 인지 조절을 위해 필수인 ‘메타인지’를 약 4년간 연구해 개발됐다. 메타인지는 자신의 인지 과정에 대해 한 차원 높은 시각에서 관찰·발견·통제하는 정신작용으로 쉽게 말해 자기 객관화다. 김태진 비상교육 러닝컴퍼니 대표는 ""온리원은 메타인지를 기반으로 콘텐츠와 서비스, 학습코칭을 유기적으로 결합해 구조화한 첫 사례""라며 ""온리원이 스마트 학습의 새로운 기준이 될 것""이라고 설명했다. 온리원의 메타인지 학습 프로세스는 3단계로 나뉜다. 우선 스스로 아는 것과 모르는 것에 대해 돌아본다. 이를 토대로 모르는 내용만 선택적으로 학습한다. 마지막으로 앞선 과정을 거치며 공부한 내용을 이해한다. 이 과정에서 인공지능(AI)에 기반한 몰입형 인터랙션 콘텐츠, 음성을 시각화한 기술, 애니메이션 콘텐츠 등이 제공된다. 비상교육은 온리원을 선보이면서 기존 ‘와이즈캠프’와 ‘수박씨닷컴’ 등 초·중등 학습브랜드를 통합했다. 김태진 비상교육 러닝컴퍼니 대표가 스마트 학습 시스템 ‘온리원’(OnlyOne)에 대해 설명하고 있다. 아이스크림에듀가 지난달 론칭한 ‘아이스크림홈런 2.0’은 자기주도학습을 위한 3가지 요소 중 행동 조절에 집중했다. 아이스크림에듀가 이번에 홈런을 개편하면서 슬로건을 ‘공부를 좋아하는 습관’으로 정한 것도 이런 이유다. 아이스크림에듀는 공부 습관과 주도성을 심어주기 위해 학습환경, 동기와 보상, AI 기술, 교과·비교과, 자녀 학습 격려·지원 등 5가지 측면을 집중 연구했다. 홈런의 대표적인 AI 기술은 지식추적기술을 기반으로 한 역량측정 모델이다. 학습자별 개념과 이해도를 진단하고 이에 맞는 맞춤 문항과 학습 처방을 제시한다. 일일 1600만건의 학습 빅데이터를 분석해 1대 1 맞춤형 학습 콘텐츠를 제공하고 있다. 이윤석 아이스크림에듀 대표는 ""홈런 2.0은 아이의 자발적 공부 습관을 길러 궁극적으로는 평생 진정한 공부를 잘 해내는 인재로 성장하는 발판이 될 것""이라며 ""앞으로도 방대한 디지털 콘텐츠와 진화된 기술력을 통해 교육의 본질에 대한 답을 제시할 수 있는 서비스를 개발할 것""이라고 밝혔다. 천재교육의 자회사 천재교과서도 지난달 초등인강 ‘밀크T 초등’(밀크티 초등)을 통해 ‘과목별 학교 공부’를 운영한다고 밝혔다. 공부 프로그램은 학생 스스로 공부 계획과 목표를 설정해 자기주도학습 습관 형성이 촉진되도록 개발됐다. 교원그룹도 자사 교육서비스 구몬학습을 통해 최근 AI를 접목한 초개인화 맞춤형 학습 서비스를 선보였다. 스스로 학습하는 힘을 키우는 것을 목표로 자녀의 공부 수준과 성향에 최적화된 커리큘럼을 제공한다. 교육업계가 자기주도학습을 전면으로 내세우는 배경엔 IT와 교육이 결합한 산업적 흐름과 코로나19에 따른 비대면 수업 등의 영향으로 에듀테크가 보편화됐기 때문이다. 수년간 에듀테크로 확보한 빅데이터를 통해 학습자가 무엇을 잘하고 못하는지, 어떤 분야에 흥미를 느끼는지 등을 체계적으로 분석하고 관리할 수 있게 된 것이다. 정부도 공공과 민간의 원격 교육 콘텐츠와 학습 관리시스템을 하나로 통합하는 ‘K-에듀 통합플랫폼’ 구축 사업에 드라이브를 걸고 있어 관련 산업은 더욱 확대될 전망이다. 에듀테크 업계 관계자는 ""에듀테크 산업이 꾸준히 성장하면서 이제는 특정 연령대나 학업 수준이 아닌 개인별 맞춤 콘텐츠를 제공할 수 있는 수준까지 된 것""이라며 ""이를 통해 자녀의 자기주도학습 능력을 형성하는 게 더욱 용이해졌다""고 강조했다.","경제",0,"[]"